photo_id,local_path,evaluation_category
PFaR9vKncyM,C:\Users\aryan\OneDrive\Desktop\project_new\semantic-photo-intelligence\data\images\unsplash\PFaR9vKncyM.jpg,horses
wcL2JgX-s4c,C:\Users\aryan\OneDrive\Desktop\project_new\semantic-photo-intelligence\data\images\unsplash\wcL2JgX-s4c.jpg,horses
dxZfq6Xuz5c,C:\Users\aryan\OneDrive\Desktop\project_new\semantic-photo-intelligence\data\images\unsplash\dxZfq6Xuz5c.jpg,horses
OYwAuYE8YHQ,C:\Users\aryan\OneDrive\Desktop\project_new\semantic-photo-intelligence\data\images\unsplash\OYwAuYE8YHQ.jpg,horses
M35DI6c9zPQ,C:\Users\aryan\OneDrive\Desktop\project_new\semantic-photo-intelligence\data\images\unsplash\M35DI6c9zPQ.jpg,horses
ewsXphO8ovw,C:\Users\aryan\OneDrive\Desktop\project_new\semantic-photo-intelligence\data\images\unsplash\ewsXphO8ovw.jpg,horses
u-s2k6UgFDA,C:\Users\aryan\OneDrive\Desktop\project_new\semantic-photo-intelligence\data\images\unsplash\u-s2k6UgFDA.jpg,horses
uwEt4grBcdo,C:\Users\aryan\OneDrive\Desktop\project_new\semantic-photo-intelligence\data\images\unsplash\uwEt4grBcdo.jpg,horses
7U8tMpT_xgY,C:\Users\aryan\OneDrive\Desktop\project_new\semantic-photo-intelligence\data\images\unsplash\7U8tMpT_xgY.jpg,horses
VA7NdRPTQX8,C:\Users\aryan\OneDrive\Desktop\project_new\semantic-photo-intelligence\data\images\unsplash\VA7NdRPTQX8.jpg,horses
7b9jYdIQq1c,C:\Users\aryan\OneDrive\Desktop\project_new\semantic-photo-intelligence\data\images\unsplash\7b9jYdIQq1c.jpg,horses
PwYKS1pSnFI,C:\Users\aryan\OneDrive\Desktop\project_new\semantic-photo-intelligence\data\images\unsplash\PwYKS1pSnFI.jpg,horses
gpNVRerzFao,C:\Users\aryan\OneDrive\Desktop\project_new\semantic-photo-intelligence\data\images\unsplash\gpNVRerzFao.jpg,horses
dfXDeGpXhdE,C:\Users\aryan\OneDrive\Desktop\project_new\semantic-photo-intelligence\data\images\unsplash\dfXDeGpXhdE.jpg,horses
L5eAUfaiZLo,C:\Users\aryan\OneDrive\Desktop\project_new\semantic-photo-intelligence\data\images\unsplash\L5eAUfaiZLo.jpg,horses
TKzn-Y9-QWo,C:\Users\aryan\OneDrive\Desktop\project_new\semantic-photo-intelligence\data\images\unsplash\TKzn-Y9-QWo.jpg,horses
qcQ9GXIJKe4,C:\Users\aryan\OneDrive\Desktop\project_new\semantic-photo-intelligence\data\images\unsplash\qcQ9GXIJKe4.jpg,horses
7jXA55Tl4xU,C:\Users\aryan\OneDrive\Desktop\project_new\semantic-photo-intelligence\data\images\unsplash\7jXA55Tl4xU.jpg,horses
j70nuOZ1Kqo,C:\Users\aryan\OneDrive\Desktop\project_new\semantic-photo-intelligence\data\images\unsplash\j70nuOZ1Kqo.jpg,horses
tolcU--dvuw,C:\Users\aryan\OneDrive\Desktop\project_new\semantic-photo-intelligence\data\images\unsplash\tolcU--dvuw.jpg,horses
AnDpaFc1K3g,C:\Users\aryan\OneDrive\Desktop\project_new\semantic-photo-intelligence\data\images\unsplash\AnDpaFc1K3g.jpg,horses
pvN2u4wDsZI,C:\Users\aryan\OneDrive\Desktop\project_new\semantic-photo-intelligence\data\images\unsplash\pvN2u4wDsZI.jpg,horses
llTLNIFEgZ8,C:\Users\aryan\OneDrive\Desktop\project_new\semantic-photo-intelligence\data\images\unsplash\llTLNIFEgZ8.jpg,horses
52P44moXNAQ,C:\Users\aryan\OneDrive\Desktop\project_new\semantic-photo-intelligence\data\images\unsplash\52P44moXNAQ.jpg,horses
96LE5SPjpxo,C:\Users\aryan\OneDrive\Desktop\project_new\semantic-photo-intelligence\data\images\unsplash\96LE5SPjpxo.jpg,horses
caEWN2AZLLE,C:\Users\aryan\OneDrive\Desktop\project_new\semantic-photo-intelligence\data\images\unsplash\caEWN2AZLLE.jpg,horses
kTdAQshXi-4,C:\Users\aryan\OneDrive\Desktop\project_new\semantic-photo-intelligence\data\images\unsplash\kTdAQshXi-4.jpg,horses
APN42hUt3c8,C:\Users\aryan\OneDrive\Desktop\project_new\semantic-photo-intelligence\data\images\unsplash\APN42hUt3c8.jpg,horses
eEDjM06CJog,C:\Users\aryan\OneDrive\Desktop\project_new\semantic-photo-intelligence\data\images\unsplash\eEDjM06CJog.jpg,horses
8SivQyBVe2A,C:\Users\aryan\OneDrive\Desktop\project_new\semantic-photo-intelligence\data\images\unsplash\8SivQyBVe2A.jpg,horses
Ejw7WTnFPYI,C:\Users\aryan\OneDrive\Desktop\project_new\semantic-photo-intelligence\data\images\unsplash\Ejw7WTnFPYI.jpg,horses
QNJdCsluIoI,C:\Users\aryan\OneDrive\Desktop\project_new\semantic-photo-intelligence\data\images\unsplash\QNJdCsluIoI.jpg,horses
x8PAcYN9lHI,C:\Users\aryan\OneDrive\Desktop\project_new\semantic-photo-intelligence\data\images\unsplash\x8PAcYN9lHI.jpg,horses
N-bNpRhmh6w,C:\Users\aryan\OneDrive\Desktop\project_new\semantic-photo-intelligence\data\images\unsplash\N-bNpRhmh6w.jpg,horses
P896nPJ-BOQ,C:\Users\aryan\OneDrive\Desktop\project_new\semantic-photo-intelligence\data\images\unsplash\P896nPJ-BOQ.jpg,horses
z6d9fVA__j4,C:\Users\aryan\OneDrive\Desktop\project_new\semantic-photo-intelligence\data\images\unsplash\z6d9fVA__j4.jpg,horses
q21lIp5i3mM,C:\Users\aryan\OneDrive\Desktop\project_new\semantic-photo-intelligence\data\images\unsplash\q21lIp5i3mM.jpg,horses
YnfbA6-67MQ,C:\Users\aryan\OneDrive\Desktop\project_new\semantic-photo-intelligence\data\images\unsplash\YnfbA6-67MQ.jpg,horses
U-ROch-TGZg,C:\Users\aryan\OneDrive\Desktop\project_new\semantic-photo-intelligence\data\images\unsplash\U-ROch-TGZg.jpg,horses
mB5wa5ccdW4,C:\Users\aryan\OneDrive\Desktop\project_new\semantic-photo-intelligence\data\images\unsplash\mB5wa5ccdW4.jpg,horses
4BBubjsxFvc,C:\Users\aryan\OneDrive\Desktop\project_new\semantic-photo-intelligence\data\images\unsplash\4BBubjsxFvc.jpg,horses
qzw-3kVDSoI,C:\Users\aryan\OneDrive\Desktop\project_new\semantic-photo-intelligence\data\images\unsplash\qzw-3kVDSoI.jpg,horses
SuqciLTLPgk,C:\Users\aryan\OneDrive\Desktop\project_new\semantic-photo-intelligence\data\images\unsplash\SuqciLTLPgk.jpg,horses
Nw3N66qyd2o,C:\Users\aryan\OneDrive\Desktop\project_new\semantic-photo-intelligence\data\images\unsplash\Nw3N66qyd2o.jpg,horses
LWVIR87DHPY,C:\Users\aryan\OneDrive\Desktop\project_new\semantic-photo-intelligence\data\images\unsplash\LWVIR87DHPY.jpg,horses
Qh_BR0mlHE8,C:\Users\aryan\OneDrive\Desktop\project_new\semantic-photo-intelligence\data\images\unsplash\Qh_BR0mlHE8.jpg,horses
cWamNu1dZtQ,C:\Users\aryan\OneDrive\Desktop\project_new\semantic-photo-intelligence\data\images\unsplash\cWamNu1dZtQ.jpg,horses
2tLFuktLKmA,C:\Users\aryan\OneDrive\Desktop\project_new\semantic-photo-intelligence\data\images\unsplash\2tLFuktLKmA.jpg,horses
XoZb_2iuC9c,C:\Users\aryan\OneDrive\Desktop\project_new\semantic-photo-intelligence\data\images\unsplash\XoZb_2iuC9c.jpg,horses
DS-5gJa0kic,C:\Users\aryan\OneDrive\Desktop\project_new\semantic-photo-intelligence\data\images\unsplash\DS-5gJa0kic.jpg,horses
QT4NWwel8Ok,C:\Users\aryan\OneDrive\Desktop\project_new\semantic-photo-intelligence\data\images\unsplash\QT4NWwel8Ok.jpg,horses
uwbKs1Metf8,C:\Users\aryan\OneDrive\Desktop\project_new\semantic-photo-intelligence\data\images\unsplash\uwbKs1Metf8.jpg,horses
aQwsh6Zybxc,C:\Users\aryan\OneDrive\Desktop\project_new\semantic-photo-intelligence\data\images\unsplash\aQwsh6Zybxc.jpg,horses
Kuv2iYmMxXQ,C:\Users\aryan\OneDrive\Desktop\project_new\semantic-photo-intelligence\data\images\unsplash\Kuv2iYmMxXQ.jpg,horses
qgD1N9Ck0xU,C:\Users\aryan\OneDrive\Desktop\project_new\semantic-photo-intelligence\data\images\unsplash\qgD1N9Ck0xU.jpg,horses
vSAz5cLGEUI,C:\Users\aryan\OneDrive\Desktop\project_new\semantic-photo-intelligence\data\images\unsplash\vSAz5cLGEUI.jpg,horses
j3NQl-B0R1U,C:\Users\aryan\OneDrive\Desktop\project_new\semantic-photo-intelligence\data\images\unsplash\j3NQl-B0R1U.jpg,horses
N3NYflyZCd0,C:\Users\aryan\OneDrive\Desktop\project_new\semantic-photo-intelligence\data\images\unsplash\N3NYflyZCd0.jpg,horses
WF90DWbHhvc,C:\Users\aryan\OneDrive\Desktop\project_new\semantic-photo-intelligence\data\images\unsplash\WF90DWbHhvc.jpg,horses
eVAXpfCJXN8,C:\Users\aryan\OneDrive\Desktop\project_new\semantic-photo-intelligence\data\images\unsplash\eVAXpfCJXN8.jpg,horses
JAX385_1OXo,C:\Users\aryan\OneDrive\Desktop\project_new\semantic-photo-intelligence\data\images\unsplash\JAX385_1OXo.jpg,horses
HKgOjt-xP0I,C:\Users\aryan\OneDrive\Desktop\project_new\semantic-photo-intelligence\data\images\unsplash\HKgOjt-xP0I.jpg,horses
VLgCfG40Reg,C:\Users\aryan\OneDrive\Desktop\project_new\semantic-photo-intelligence\data\images\unsplash\VLgCfG40Reg.jpg,horses
vDSFdqBpxeQ,C:\Users\aryan\OneDrive\Desktop\project_new\semantic-photo-intelligence\data\images\unsplash\vDSFdqBpxeQ.jpg,horses
znKmV5D4BHg,C:\Users\aryan\OneDrive\Desktop\project_new\semantic-photo-intelligence\data\images\unsplash\znKmV5D4BHg.jpg,horses
zbzf2jNRUjg,C:\Users\aryan\OneDrive\Desktop\project_new\semantic-photo-intelligence\data\images\unsplash\zbzf2jNRUjg.jpg,horses
fOKbF4iDYzg,C:\Users\aryan\OneDrive\Desktop\project_new\semantic-photo-intelligence\data\images\unsplash\fOKbF4iDYzg.jpg,horses
hKHlMUfSOx8,C:\Users\aryan\OneDrive\Desktop\project_new\semantic-photo-intelligence\data\images\unsplash\hKHlMUfSOx8.jpg,horses
DvjWMZ4viw8,C:\Users\aryan\OneDrive\Desktop\project_new\semantic-photo-intelligence\data\images\unsplash\DvjWMZ4viw8.jpg,horses
xR3hdMS3Imw,C:\Users\aryan\OneDrive\Desktop\project_new\semantic-photo-intelligence\data\images\unsplash\xR3hdMS3Imw.jpg,horses
pIni8rmE5Cw,C:\Users\aryan\OneDrive\Desktop\project_new\semantic-photo-intelligence\data\images\unsplash\pIni8rmE5Cw.jpg,horses
cw1qmkKFD1E,C:\Users\aryan\OneDrive\Desktop\project_new\semantic-photo-intelligence\data\images\unsplash\cw1qmkKFD1E.jpg,horses
1bPXERSwOcg,C:\Users\aryan\OneDrive\Desktop\project_new\semantic-photo-intelligence\data\images\unsplash\1bPXERSwOcg.jpg,horses
_CxtV1uKk-Y,C:\Users\aryan\OneDrive\Desktop\project_new\semantic-photo-intelligence\data\images\unsplash\_CxtV1uKk-Y.jpg,horses
ZEKHSCxtcCU,C:\Users\aryan\OneDrive\Desktop\project_new\semantic-photo-intelligence\data\images\unsplash\ZEKHSCxtcCU.jpg,horses
yMBdkZA10Q8,C:\Users\aryan\OneDrive\Desktop\project_new\semantic-photo-intelligence\data\images\unsplash\yMBdkZA10Q8.jpg,horses
oGToiYG3-Xw,C:\Users\aryan\OneDrive\Desktop\project_new\semantic-photo-intelligence\data\images\unsplash\oGToiYG3-Xw.jpg,horses
A4yTy1onuCg,C:\Users\aryan\OneDrive\Desktop\project_new\semantic-photo-intelligence\data\images\unsplash\A4yTy1onuCg.jpg,horses
JroQHP260nU,C:\Users\aryan\OneDrive\Desktop\project_new\semantic-photo-intelligence\data\images\unsplash\JroQHP260nU.jpg,horses
2E-bjdW54xQ,C:\Users\aryan\OneDrive\Desktop\project_new\semantic-photo-intelligence\data\images\unsplash\2E-bjdW54xQ.jpg,horses
3HjLaBmY2a4,C:\Users\aryan\OneDrive\Desktop\project_new\semantic-photo-intelligence\data\images\unsplash\3HjLaBmY2a4.jpg,horses
lGPF8m5lyec,C:\Users\aryan\OneDrive\Desktop\project_new\semantic-photo-intelligence\data\images\unsplash\lGPF8m5lyec.jpg,horses
hep90R4cCoY,C:\Users\aryan\OneDrive\Desktop\project_new\semantic-photo-intelligence\data\images\unsplash\hep90R4cCoY.jpg,horses
IAVVv6z3D6g,C:\Users\aryan\OneDrive\Desktop\project_new\semantic-photo-intelligence\data\images\unsplash\IAVVv6z3D6g.jpg,horses
xbVRXxAHfY4,C:\Users\aryan\OneDrive\Desktop\project_new\semantic-photo-intelligence\data\images\unsplash\xbVRXxAHfY4.jpg,horses
p0-baYz_TcU,C:\Users\aryan\OneDrive\Desktop\project_new\semantic-photo-intelligence\data\images\unsplash\p0-baYz_TcU.jpg,horses
UtKquCqp3l0,C:\Users\aryan\OneDrive\Desktop\project_new\semantic-photo-intelligence\data\images\unsplash\UtKquCqp3l0.jpg,horses
Z7ks0_g-gHU,C:\Users\aryan\OneDrive\Desktop\project_new\semantic-photo-intelligence\data\images\unsplash\Z7ks0_g-gHU.jpg,horses
Q5oFixaamNg,C:\Users\aryan\OneDrive\Desktop\project_new\semantic-photo-intelligence\data\images\unsplash\Q5oFixaamNg.jpg,horses
_NdyDD-tZlM,C:\Users\aryan\OneDrive\Desktop\project_new\semantic-photo-intelligence\data\images\unsplash\_NdyDD-tZlM.jpg,horses
ujcmPPxhxT8,C:\Users\aryan\OneDrive\Desktop\project_new\semantic-photo-intelligence\data\images\unsplash\ujcmPPxhxT8.jpg,horses
I9329F5p1vE,C:\Users\aryan\OneDrive\Desktop\project_new\semantic-photo-intelligence\data\images\unsplash\I9329F5p1vE.jpg,horses
ubA4MSQh9Po,C:\Users\aryan\OneDrive\Desktop\project_new\semantic-photo-intelligence\data\images\unsplash\ubA4MSQh9Po.jpg,horses
6Qo7dWR2wZM,C:\Users\aryan\OneDrive\Desktop\project_new\semantic-photo-intelligence\data\images\unsplash\6Qo7dWR2wZM.jpg,horses
vtVq3dJKTDo,C:\Users\aryan\OneDrive\Desktop\project_new\semantic-photo-intelligence\data\images\unsplash\vtVq3dJKTDo.jpg,horses
wB0BJlqqC5A,C:\Users\aryan\OneDrive\Desktop\project_new\semantic-photo-intelligence\data\images\unsplash\wB0BJlqqC5A.jpg,horses
3538NojUJjI,C:\Users\aryan\OneDrive\Desktop\project_new\semantic-photo-intelligence\data\images\unsplash\3538NojUJjI.jpg,horses
XlxJUmDNKcE,C:\Users\aryan\OneDrive\Desktop\project_new\semantic-photo-intelligence\data\images\unsplash\XlxJUmDNKcE.jpg,horses
Kw98642cpqU,C:\Users\aryan\OneDrive\Desktop\project_new\semantic-photo-intelligence\data\images\unsplash\Kw98642cpqU.jpg,horses
x-ApSxOdRhg,C:\Users\aryan\OneDrive\Desktop\project_new\semantic-photo-intelligence\data\images\unsplash\x-ApSxOdRhg.jpg,horses
r9vIeE2uN7Y,C:\Users\aryan\OneDrive\Desktop\project_new\semantic-photo-intelligence\data\images\unsplash\r9vIeE2uN7Y.jpg,butterflies
gGgXp0a2dUQ,C:\Users\aryan\OneDrive\Desktop\project_new\semantic-photo-intelligence\data\images\unsplash\gGgXp0a2dUQ.jpg,butterflies
ogAYf-36sz0,C:\Users\aryan\OneDrive\Desktop\project_new\semantic-photo-intelligence\data\images\unsplash\ogAYf-36sz0.jpg,butterflies
NTWPWWpUE08,C:\Users\aryan\OneDrive\Desktop\project_new\semantic-photo-intelligence\data\images\unsplash\NTWPWWpUE08.jpg,butterflies
cFIrOY6fqNY,C:\Users\aryan\OneDrive\Desktop\project_new\semantic-photo-intelligence\data\images\unsplash\cFIrOY6fqNY.jpg,butterflies
aGHz9-KaO7Y,C:\Users\aryan\OneDrive\Desktop\project_new\semantic-photo-intelligence\data\images\unsplash\aGHz9-KaO7Y.jpg,butterflies
uCZuTa_iK_k,C:\Users\aryan\OneDrive\Desktop\project_new\semantic-photo-intelligence\data\images\unsplash\uCZuTa_iK_k.jpg,butterflies
CK7rdTauhDE,C:\Users\aryan\OneDrive\Desktop\project_new\semantic-photo-intelligence\data\images\unsplash\CK7rdTauhDE.jpg,butterflies
2VvgEtf0AYE,C:\Users\aryan\OneDrive\Desktop\project_new\semantic-photo-intelligence\data\images\unsplash\2VvgEtf0AYE.jpg,butterflies
RKN5sU44-go,C:\Users\aryan\OneDrive\Desktop\project_new\semantic-photo-intelligence\data\images\unsplash\RKN5sU44-go.jpg,butterflies
hpXX7cJXleE,C:\Users\aryan\OneDrive\Desktop\project_new\semantic-photo-intelligence\data\images\unsplash\hpXX7cJXleE.jpg,butterflies
K-zFlq3gMBU,C:\Users\aryan\OneDrive\Desktop\project_new\semantic-photo-intelligence\data\images\unsplash\K-zFlq3gMBU.jpg,butterflies
VWIESSJmfW8,C:\Users\aryan\OneDrive\Desktop\project_new\semantic-photo-intelligence\data\images\unsplash\VWIESSJmfW8.jpg,butterflies
1zFK6HwV0bA,C:\Users\aryan\OneDrive\Desktop\project_new\semantic-photo-intelligence\data\images\unsplash\1zFK6HwV0bA.jpg,butterflies
_CXlQkqZhkk,C:\Users\aryan\OneDrive\Desktop\project_new\semantic-photo-intelligence\data\images\unsplash\_CXlQkqZhkk.jpg,butterflies
2CubIH6NMEo,C:\Users\aryan\OneDrive\Desktop\project_new\semantic-photo-intelligence\data\images\unsplash\2CubIH6NMEo.jpg,butterflies
lzgLNsmmWPg,C:\Users\aryan\OneDrive\Desktop\project_new\semantic-photo-intelligence\data\images\unsplash\lzgLNsmmWPg.jpg,butterflies
6TzQTCwMngU,C:\Users\aryan\OneDrive\Desktop\project_new\semantic-photo-intelligence\data\images\unsplash\6TzQTCwMngU.jpg,butterflies
LqBLf8SkJ9s,C:\Users\aryan\OneDrive\Desktop\project_new\semantic-photo-intelligence\data\images\unsplash\LqBLf8SkJ9s.jpg,butterflies
VAxzTA5IStU,C:\Users\aryan\OneDrive\Desktop\project_new\semantic-photo-intelligence\data\images\unsplash\VAxzTA5IStU.jpg,butterflies
rNaV_4BmNCI,C:\Users\aryan\OneDrive\Desktop\project_new\semantic-photo-intelligence\data\images\unsplash\rNaV_4BmNCI.jpg,butterflies
PRWgfeB2rpQ,C:\Users\aryan\OneDrive\Desktop\project_new\semantic-photo-intelligence\data\images\unsplash\PRWgfeB2rpQ.jpg,butterflies
YOp0wOXTFqI,C:\Users\aryan\OneDrive\Desktop\project_new\semantic-photo-intelligence\data\images\unsplash\YOp0wOXTFqI.jpg,butterflies
13PjNBaDMcg,C:\Users\aryan\OneDrive\Desktop\project_new\semantic-photo-intelligence\data\images\unsplash\13PjNBaDMcg.jpg,butterflies
dKxY8ywc_0c,C:\Users\aryan\OneDrive\Desktop\project_new\semantic-photo-intelligence\data\images\unsplash\dKxY8ywc_0c.jpg,butterflies
U7P4amYntMs,C:\Users\aryan\OneDrive\Desktop\project_new\semantic-photo-intelligence\data\images\unsplash\U7P4amYntMs.jpg,butterflies
5AG8P7CrUNY,C:\Users\aryan\OneDrive\Desktop\project_new\semantic-photo-intelligence\data\images\unsplash\5AG8P7CrUNY.jpg,butterflies
XkF8LgDb0do,C:\Users\aryan\OneDrive\Desktop\project_new\semantic-photo-intelligence\data\images\unsplash\XkF8LgDb0do.jpg,butterflies
YOoFGjC8NxM,C:\Users\aryan\OneDrive\Desktop\project_new\semantic-photo-intelligence\data\images\unsplash\YOoFGjC8NxM.jpg,butterflies
0Z0eOvTRb3M,C:\Users\aryan\OneDrive\Desktop\project_new\semantic-photo-intelligence\data\images\unsplash\0Z0eOvTRb3M.jpg,trains
EG9qfm3BHR4,C:\Users\aryan\OneDrive\Desktop\project_new\semantic-photo-intelligence\data\images\unsplash\EG9qfm3BHR4.jpg,trains
N1kYr-N4468,C:\Users\aryan\OneDrive\Desktop\project_new\semantic-photo-intelligence\data\images\unsplash\N1kYr-N4468.jpg,trains
xpLNPVL3IJA,C:\Users\aryan\OneDrive\Desktop\project_new\semantic-photo-intelligence\data\images\unsplash\xpLNPVL3IJA.jpg,trains
E_8Z4php3PI,C:\Users\aryan\OneDrive\Desktop\project_new\semantic-photo-intelligence\data\images\unsplash\E_8Z4php3PI.jpg,trains
s01AtZLnj6c,C:\Users\aryan\OneDrive\Desktop\project_new\semantic-photo-intelligence\data\images\unsplash\s01AtZLnj6c.jpg,trains
3BfiCftN8Ds,C:\Users\aryan\OneDrive\Desktop\project_new\semantic-photo-intelligence\data\images\unsplash\3BfiCftN8Ds.jpg,trains
09BqxnVO7eU,C:\Users\aryan\OneDrive\Desktop\project_new\semantic-photo-intelligence\data\images\unsplash\09BqxnVO7eU.jpg,trains
rfPCwBdc7ZE,C:\Users\aryan\OneDrive\Desktop\project_new\semantic-photo-intelligence\data\images\unsplash\rfPCwBdc7ZE.jpg,trains
o4SYFlupp7M,C:\Users\aryan\OneDrive\Desktop\project_new\semantic-photo-intelligence\data\images\unsplash\o4SYFlupp7M.jpg,trains
jyBypGGipvw,C:\Users\aryan\OneDrive\Desktop\project_new\semantic-photo-intelligence\data\images\unsplash\jyBypGGipvw.jpg,trains
I-6mAkWKqSs,C:\Users\aryan\OneDrive\Desktop\project_new\semantic-photo-intelligence\data\images\unsplash\I-6mAkWKqSs.jpg,trains
a1-822HIfAE,C:\Users\aryan\OneDrive\Desktop\project_new\semantic-photo-intelligence\data\images\unsplash\a1-822HIfAE.jpg,trains
bgzCYIFEQcc,C:\Users\aryan\OneDrive\Desktop\project_new\semantic-photo-intelligence\data\images\unsplash\bgzCYIFEQcc.jpg,trains
EOq4Dj33G_U,C:\Users\aryan\OneDrive\Desktop\project_new\semantic-photo-intelligence\data\images\unsplash\EOq4Dj33G_U.jpg,trains
f_cfBQSZgTo,C:\Users\aryan\OneDrive\Desktop\project_new\semantic-photo-intelligence\data\images\unsplash\f_cfBQSZgTo.jpg,trains
uTCRyZvEcUo,C:\Users\aryan\OneDrive\Desktop\project_new\semantic-photo-intelligence\data\images\unsplash\uTCRyZvEcUo.jpg,trains
atrYvPAt4eA,C:\Users\aryan\OneDrive\Desktop\project_new\semantic-photo-intelligence\data\images\unsplash\atrYvPAt4eA.jpg,trains
9Kn4nEndOCY,C:\Users\aryan\OneDrive\Desktop\project_new\semantic-photo-intelligence\data\images\unsplash\9Kn4nEndOCY.jpg,trains
mf8A3tpVWPU,C:\Users\aryan\OneDrive\Desktop\project_new\semantic-photo-intelligence\data\images\unsplash\mf8A3tpVWPU.jpg,trains
RYvGgzHtClM,C:\Users\aryan\OneDrive\Desktop\project_new\semantic-photo-intelligence\data\images\unsplash\RYvGgzHtClM.jpg,trains
1RQFOp5LWrI,C:\Users\aryan\OneDrive\Desktop\project_new\semantic-photo-intelligence\data\images\unsplash\1RQFOp5LWrI.jpg,trains
ty8ZVbC-Wik,C:\Users\aryan\OneDrive\Desktop\project_new\semantic-photo-intelligence\data\images\unsplash\ty8ZVbC-Wik.jpg,trains
9twXXB0kI3I,C:\Users\aryan\OneDrive\Desktop\project_new\semantic-photo-intelligence\data\images\unsplash\9twXXB0kI3I.jpg,trains
s8i0-0RRK0E,C:\Users\aryan\OneDrive\Desktop\project_new\semantic-photo-intelligence\data\images\unsplash\s8i0-0RRK0E.jpg,trains
4IP4cPyyzRU,C:\Users\aryan\OneDrive\Desktop\project_new\semantic-photo-intelligence\data\images\unsplash\4IP4cPyyzRU.jpg,trains
c7kMymfmUbY,C:\Users\aryan\OneDrive\Desktop\project_new\semantic-photo-intelligence\data\images\unsplash\c7kMymfmUbY.jpg,trains
V59AnCzoSSQ,C:\Users\aryan\OneDrive\Desktop\project_new\semantic-photo-intelligence\data\images\unsplash\V59AnCzoSSQ.jpg,trains
xgvttvy0mnA,C:\Users\aryan\OneDrive\Desktop\project_new\semantic-photo-intelligence\data\images\unsplash\xgvttvy0mnA.jpg,trains
iKpWRAt0yj0,C:\Users\aryan\OneDrive\Desktop\project_new\semantic-photo-intelligence\data\images\unsplash\iKpWRAt0yj0.jpg,trains
eUs04ihWZMU,C:\Users\aryan\OneDrive\Desktop\project_new\semantic-photo-intelligence\data\images\unsplash\eUs04ihWZMU.jpg,trains
ToGwaZKbPT4,C:\Users\aryan\OneDrive\Desktop\project_new\semantic-photo-intelligence\data\images\unsplash\ToGwaZKbPT4.jpg,trains
OPAUTV_6n10,C:\Users\aryan\OneDrive\Desktop\project_new\semantic-photo-intelligence\data\images\unsplash\OPAUTV_6n10.jpg,trains
_VgYe8Yn1l0,C:\Users\aryan\OneDrive\Desktop\project_new\semantic-photo-intelligence\data\images\unsplash\_VgYe8Yn1l0.jpg,trains
K-QlsAWqP5Q,C:\Users\aryan\OneDrive\Desktop\project_new\semantic-photo-intelligence\data\images\unsplash\K-QlsAWqP5Q.jpg,trains
T2apDcwWGLA,C:\Users\aryan\OneDrive\Desktop\project_new\semantic-photo-intelligence\data\images\unsplash\T2apDcwWGLA.jpg,trains
wSkGPwlErxY,C:\Users\aryan\OneDrive\Desktop\project_new\semantic-photo-intelligence\data\images\unsplash\wSkGPwlErxY.jpg,trains
jzPaAXCbH84,C:\Users\aryan\OneDrive\Desktop\project_new\semantic-photo-intelligence\data\images\unsplash\jzPaAXCbH84.jpg,trains
ZBR7NAYRR4M,C:\Users\aryan\OneDrive\Desktop\project_new\semantic-photo-intelligence\data\images\unsplash\ZBR7NAYRR4M.jpg,trains
GtO__3-f2xA,C:\Users\aryan\OneDrive\Desktop\project_new\semantic-photo-intelligence\data\images\unsplash\GtO__3-f2xA.jpg,trains
ez67tKJAdxc,C:\Users\aryan\OneDrive\Desktop\project_new\semantic-photo-intelligence\data\images\unsplash\ez67tKJAdxc.jpg,trains
HeZrJCsjTiw,C:\Users\aryan\OneDrive\Desktop\project_new\semantic-photo-intelligence\data\images\unsplash\HeZrJCsjTiw.jpg,trains
9FnOlr5sMVw,C:\Users\aryan\OneDrive\Desktop\project_new\semantic-photo-intelligence\data\images\unsplash\9FnOlr5sMVw.jpg,trains
EB3p88GaSFw,C:\Users\aryan\OneDrive\Desktop\project_new\semantic-photo-intelligence\data\images\unsplash\EB3p88GaSFw.jpg,trains
RHU_TqqAVaI,C:\Users\aryan\OneDrive\Desktop\project_new\semantic-photo-intelligence\data\images\unsplash\RHU_TqqAVaI.jpg,trains
rSnV0lOhypw,C:\Users\aryan\OneDrive\Desktop\project_new\semantic-photo-intelligence\data\images\unsplash\rSnV0lOhypw.jpg,trains
Uv7-PUv50jI,C:\Users\aryan\OneDrive\Desktop\project_new\semantic-photo-intelligence\data\images\unsplash\Uv7-PUv50jI.jpg,trains
QLCw6TUQG_k,C:\Users\aryan\OneDrive\Desktop\project_new\semantic-photo-intelligence\data\images\unsplash\QLCw6TUQG_k.jpg,trains
CpppxlHFa-8,C:\Users\aryan\OneDrive\Desktop\project_new\semantic-photo-intelligence\data\images\unsplash\CpppxlHFa-8.jpg,trains
CNc8q-pDDRw,C:\Users\aryan\OneDrive\Desktop\project_new\semantic-photo-intelligence\data\images\unsplash\CNc8q-pDDRw.jpg,trains
9D33N8SI904,C:\Users\aryan\OneDrive\Desktop\project_new\semantic-photo-intelligence\data\images\unsplash\9D33N8SI904.jpg,trains
4VsPzCgUo98,C:\Users\aryan\OneDrive\Desktop\project_new\semantic-photo-intelligence\data\images\unsplash\4VsPzCgUo98.jpg,trains
-bA6TkrToiY,C:\Users\aryan\OneDrive\Desktop\project_new\semantic-photo-intelligence\data\images\unsplash\-bA6TkrToiY.jpg,trains
vYVE1vbBxEY,C:\Users\aryan\OneDrive\Desktop\project_new\semantic-photo-intelligence\data\images\unsplash\vYVE1vbBxEY.jpg,trains
3ODGln0xJV4,C:\Users\aryan\OneDrive\Desktop\project_new\semantic-photo-intelligence\data\images\unsplash\3ODGln0xJV4.jpg,trains
xvYxGcwFvuE,C:\Users\aryan\OneDrive\Desktop\project_new\semantic-photo-intelligence\data\images\unsplash\xvYxGcwFvuE.jpg,trains
SN5tuWyD5h8,C:\Users\aryan\OneDrive\Desktop\project_new\semantic-photo-intelligence\data\images\unsplash\SN5tuWyD5h8.jpg,trains
jvYGzVs3tWc,C:\Users\aryan\OneDrive\Desktop\project_new\semantic-photo-intelligence\data\images\unsplash\jvYGzVs3tWc.jpg,trains
B2L_DTbeZCM,C:\Users\aryan\OneDrive\Desktop\project_new\semantic-photo-intelligence\data\images\unsplash\B2L_DTbeZCM.jpg,trains
QFFc8Gv2ltM,C:\Users\aryan\OneDrive\Desktop\project_new\semantic-photo-intelligence\data\images\unsplash\QFFc8Gv2ltM.jpg,trains
A6mji45ETd4,C:\Users\aryan\OneDrive\Desktop\project_new\semantic-photo-intelligence\data\images\unsplash\A6mji45ETd4.jpg,trains
bMwZche8JCw,C:\Users\aryan\OneDrive\Desktop\project_new\semantic-photo-intelligence\data\images\unsplash\bMwZche8JCw.jpg,trains
VbBwwcDyhPQ,C:\Users\aryan\OneDrive\Desktop\project_new\semantic-photo-intelligence\data\images\unsplash\VbBwwcDyhPQ.jpg,trains
Bc41iMx5RRQ,C:\Users\aryan\OneDrive\Desktop\project_new\semantic-photo-intelligence\data\images\unsplash\Bc41iMx5RRQ.jpg,trains
gsqm4S8M7oc,C:\Users\aryan\OneDrive\Desktop\project_new\semantic-photo-intelligence\data\images\unsplash\gsqm4S8M7oc.jpg,trains
xcBbLTCl_RQ,C:\Users\aryan\OneDrive\Desktop\project_new\semantic-photo-intelligence\data\images\unsplash\xcBbLTCl_RQ.jpg,trains
kN6jt0hu51s,C:\Users\aryan\OneDrive\Desktop\project_new\semantic-photo-intelligence\data\images\unsplash\kN6jt0hu51s.jpg,trains
UQMJ_qZ6Nog,C:\Users\aryan\OneDrive\Desktop\project_new\semantic-photo-intelligence\data\images\unsplash\UQMJ_qZ6Nog.jpg,trains
Cn-3-lUWMXo,C:\Users\aryan\OneDrive\Desktop\project_new\semantic-photo-intelligence\data\images\unsplash\Cn-3-lUWMXo.jpg,trains
yDdwpp7l8D0,C:\Users\aryan\OneDrive\Desktop\project_new\semantic-photo-intelligence\data\images\unsplash\yDdwpp7l8D0.jpg,trains
1Ad511F-ia0,C:\Users\aryan\OneDrive\Desktop\project_new\semantic-photo-intelligence\data\images\unsplash\1Ad511F-ia0.jpg,trains
TLtZ-Gxgl-M,C:\Users\aryan\OneDrive\Desktop\project_new\semantic-photo-intelligence\data\images\unsplash\TLtZ-Gxgl-M.jpg,trains
qgMpOn_1iEw,C:\Users\aryan\OneDrive\Desktop\project_new\semantic-photo-intelligence\data\images\unsplash\qgMpOn_1iEw.jpg,trains
pO2ZFNstId0,C:\Users\aryan\OneDrive\Desktop\project_new\semantic-photo-intelligence\data\images\unsplash\pO2ZFNstId0.jpg,trains
28ooOtiCJhc,C:\Users\aryan\OneDrive\Desktop\project_new\semantic-photo-intelligence\data\images\unsplash\28ooOtiCJhc.jpg,trains
C20Dero0f_0,C:\Users\aryan\OneDrive\Desktop\project_new\semantic-photo-intelligence\data\images\unsplash\C20Dero0f_0.jpg,trains
YUqXIgVFQTM,C:\Users\aryan\OneDrive\Desktop\project_new\semantic-photo-intelligence\data\images\unsplash\YUqXIgVFQTM.jpg,trains
sHmW616civc,C:\Users\aryan\OneDrive\Desktop\project_new\semantic-photo-intelligence\data\images\unsplash\sHmW616civc.jpg,trains
CFT2PXWmKEg,C:\Users\aryan\OneDrive\Desktop\project_new\semantic-photo-intelligence\data\images\unsplash\CFT2PXWmKEg.jpg,trains
61csO0zX-gE,C:\Users\aryan\OneDrive\Desktop\project_new\semantic-photo-intelligence\data\images\unsplash\61csO0zX-gE.jpg,trains
xx5DqzlenYk,C:\Users\aryan\OneDrive\Desktop\project_new\semantic-photo-intelligence\data\images\unsplash\xx5DqzlenYk.jpg,trains
XVoyX7l9ocY,C:\Users\aryan\OneDrive\Desktop\project_new\semantic-photo-intelligence\data\images\unsplash\XVoyX7l9ocY.jpg,trains
FavFCFuToYs,C:\Users\aryan\OneDrive\Desktop\project_new\semantic-photo-intelligence\data\images\unsplash\FavFCFuToYs.jpg,trains
U4ZzNidniNE,C:\Users\aryan\OneDrive\Desktop\project_new\semantic-photo-intelligence\data\images\unsplash\U4ZzNidniNE.jpg,trains
Xy6Ob32m1gI,C:\Users\aryan\OneDrive\Desktop\project_new\semantic-photo-intelligence\data\images\unsplash\Xy6Ob32m1gI.jpg,trains
o-K0MVyw4As,C:\Users\aryan\OneDrive\Desktop\project_new\semantic-photo-intelligence\data\images\unsplash\o-K0MVyw4As.jpg,trains
E-bEFCNPuvw,C:\Users\aryan\OneDrive\Desktop\project_new\semantic-photo-intelligence\data\images\unsplash\E-bEFCNPuvw.jpg,trains
NcWOe5wXvew,C:\Users\aryan\OneDrive\Desktop\project_new\semantic-photo-intelligence\data\images\unsplash\NcWOe5wXvew.jpg,trains
XZyD6CTOAIU,C:\Users\aryan\OneDrive\Desktop\project_new\semantic-photo-intelligence\data\images\unsplash\XZyD6CTOAIU.jpg,trains
f_bZb6scMDk,C:\Users\aryan\OneDrive\Desktop\project_new\semantic-photo-intelligence\data\images\unsplash\f_bZb6scMDk.jpg,trains
RcMLPd5z1vY,C:\Users\aryan\OneDrive\Desktop\project_new\semantic-photo-intelligence\data\images\unsplash\RcMLPd5z1vY.jpg,trains
Fzz0YyU1vBw,C:\Users\aryan\OneDrive\Desktop\project_new\semantic-photo-intelligence\data\images\unsplash\Fzz0YyU1vBw.jpg,trains
DPvMlvz7AHU,C:\Users\aryan\OneDrive\Desktop\project_new\semantic-photo-intelligence\data\images\unsplash\DPvMlvz7AHU.jpg,trains
toz-zT_KiX4,C:\Users\aryan\OneDrive\Desktop\project_new\semantic-photo-intelligence\data\images\unsplash\toz-zT_KiX4.jpg,trains
jcm-YETcAxI,C:\Users\aryan\OneDrive\Desktop\project_new\semantic-photo-intelligence\data\images\unsplash\jcm-YETcAxI.jpg,trains
qCltMYXyMp0,C:\Users\aryan\OneDrive\Desktop\project_new\semantic-photo-intelligence\data\images\unsplash\qCltMYXyMp0.jpg,trains
PZXfCAeAeXE,C:\Users\aryan\OneDrive\Desktop\project_new\semantic-photo-intelligence\data\images\unsplash\PZXfCAeAeXE.jpg,trains
vNRdmHotLd4,C:\Users\aryan\OneDrive\Desktop\project_new\semantic-photo-intelligence\data\images\unsplash\vNRdmHotLd4.jpg,trains
8F8VmHFQ184,C:\Users\aryan\OneDrive\Desktop\project_new\semantic-photo-intelligence\data\images\unsplash\8F8VmHFQ184.jpg,trains
z9sSlefTHKA,C:\Users\aryan\OneDrive\Desktop\project_new\semantic-photo-intelligence\data\images\unsplash\z9sSlefTHKA.jpg,trains
5payf6jRAZQ,C:\Users\aryan\OneDrive\Desktop\project_new\semantic-photo-intelligence\data\images\unsplash\5payf6jRAZQ.jpg,bicycles
_lOoI52WPPc,C:\Users\aryan\OneDrive\Desktop\project_new\semantic-photo-intelligence\data\images\unsplash\_lOoI52WPPc.jpg,bicycles
rzzA_-ugnxI,C:\Users\aryan\OneDrive\Desktop\project_new\semantic-photo-intelligence\data\images\unsplash\rzzA_-ugnxI.jpg,bicycles
4XZEWMxgirc,C:\Users\aryan\OneDrive\Desktop\project_new\semantic-photo-intelligence\data\images\unsplash\4XZEWMxgirc.jpg,bicycles
TvF_tbXRTV8,C:\Users\aryan\OneDrive\Desktop\project_new\semantic-photo-intelligence\data\images\unsplash\TvF_tbXRTV8.jpg,bicycles
okNjFhwkfm0,C:\Users\aryan\OneDrive\Desktop\project_new\semantic-photo-intelligence\data\images\unsplash\okNjFhwkfm0.jpg,bicycles
ZP7Gg5m69Vg,C:\Users\aryan\OneDrive\Desktop\project_new\semantic-photo-intelligence\data\images\unsplash\ZP7Gg5m69Vg.jpg,bicycles
8AmjfoeBbc0,C:\Users\aryan\OneDrive\Desktop\project_new\semantic-photo-intelligence\data\images\unsplash\8AmjfoeBbc0.jpg,bicycles
yeGjTGufUyk,C:\Users\aryan\OneDrive\Desktop\project_new\semantic-photo-intelligence\data\images\unsplash\yeGjTGufUyk.jpg,bicycles
RSGXmYouHSA,C:\Users\aryan\OneDrive\Desktop\project_new\semantic-photo-intelligence\data\images\unsplash\RSGXmYouHSA.jpg,bicycles
r8AdMFmtKho,C:\Users\aryan\OneDrive\Desktop\project_new\semantic-photo-intelligence\data\images\unsplash\r8AdMFmtKho.jpg,bicycles
i8qs7bfTB0M,C:\Users\aryan\OneDrive\Desktop\project_new\semantic-photo-intelligence\data\images\unsplash\i8qs7bfTB0M.jpg,bicycles
v9GrTdeIcBQ,C:\Users\aryan\OneDrive\Desktop\project_new\semantic-photo-intelligence\data\images\unsplash\v9GrTdeIcBQ.jpg,bicycles
SoPJ087f_PI,C:\Users\aryan\OneDrive\Desktop\project_new\semantic-photo-intelligence\data\images\unsplash\SoPJ087f_PI.jpg,bicycles
zWAWHLCGzos,C:\Users\aryan\OneDrive\Desktop\project_new\semantic-photo-intelligence\data\images\unsplash\zWAWHLCGzos.jpg,bicycles
tmKn9xNHY6I,C:\Users\aryan\OneDrive\Desktop\project_new\semantic-photo-intelligence\data\images\unsplash\tmKn9xNHY6I.jpg,bicycles
5ckOdg-HQ0A,C:\Users\aryan\OneDrive\Desktop\project_new\semantic-photo-intelligence\data\images\unsplash\5ckOdg-HQ0A.jpg,bicycles
zKDDRyQcM04,C:\Users\aryan\OneDrive\Desktop\project_new\semantic-photo-intelligence\data\images\unsplash\zKDDRyQcM04.jpg,bicycles
0BXPLi57t_E,C:\Users\aryan\OneDrive\Desktop\project_new\semantic-photo-intelligence\data\images\unsplash\0BXPLi57t_E.jpg,bicycles
GJHSCMY3zvA,C:\Users\aryan\OneDrive\Desktop\project_new\semantic-photo-intelligence\data\images\unsplash\GJHSCMY3zvA.jpg,bicycles
dI7vfR1Bqcg,C:\Users\aryan\OneDrive\Desktop\project_new\semantic-photo-intelligence\data\images\unsplash\dI7vfR1Bqcg.jpg,bicycles
BS5zS5ezXTk,C:\Users\aryan\OneDrive\Desktop\project_new\semantic-photo-intelligence\data\images\unsplash\BS5zS5ezXTk.jpg,bicycles
RRcYcdGY630,C:\Users\aryan\OneDrive\Desktop\project_new\semantic-photo-intelligence\data\images\unsplash\RRcYcdGY630.jpg,bicycles
7py5xxc1SxU,C:\Users\aryan\OneDrive\Desktop\project_new\semantic-photo-intelligence\data\images\unsplash\7py5xxc1SxU.jpg,bicycles
GBWhJMxp-jY,C:\Users\aryan\OneDrive\Desktop\project_new\semantic-photo-intelligence\data\images\unsplash\GBWhJMxp-jY.jpg,bicycles
9FDKj-FrfA4,C:\Users\aryan\OneDrive\Desktop\project_new\semantic-photo-intelligence\data\images\unsplash\9FDKj-FrfA4.jpg,bicycles
pgUbpDLJh3E,C:\Users\aryan\OneDrive\Desktop\project_new\semantic-photo-intelligence\data\images\unsplash\pgUbpDLJh3E.jpg,bicycles
fUE29IBWtRA,C:\Users\aryan\OneDrive\Desktop\project_new\semantic-photo-intelligence\data\images\unsplash\fUE29IBWtRA.jpg,bicycles
aZ4vM_k3rgg,C:\Users\aryan\OneDrive\Desktop\project_new\semantic-photo-intelligence\data\images\unsplash\aZ4vM_k3rgg.jpg,bicycles
BXUhTnhUI1I,C:\Users\aryan\OneDrive\Desktop\project_new\semantic-photo-intelligence\data\images\unsplash\BXUhTnhUI1I.jpg,bicycles
nNqDGvg8P6M,C:\Users\aryan\OneDrive\Desktop\project_new\semantic-photo-intelligence\data\images\unsplash\nNqDGvg8P6M.jpg,bicycles
xDu9ilXkvDQ,C:\Users\aryan\OneDrive\Desktop\project_new\semantic-photo-intelligence\data\images\unsplash\xDu9ilXkvDQ.jpg,bicycles
m78EF2Rnp9A,C:\Users\aryan\OneDrive\Desktop\project_new\semantic-photo-intelligence\data\images\unsplash\m78EF2Rnp9A.jpg,bicycles
aDvDvH428RQ,C:\Users\aryan\OneDrive\Desktop\project_new\semantic-photo-intelligence\data\images\unsplash\aDvDvH428RQ.jpg,bicycles
N7-uM2wo61k,C:\Users\aryan\OneDrive\Desktop\project_new\semantic-photo-intelligence\data\images\unsplash\N7-uM2wo61k.jpg,bicycles
R8KGQcQ-cUU,C:\Users\aryan\OneDrive\Desktop\project_new\semantic-photo-intelligence\data\images\unsplash\R8KGQcQ-cUU.jpg,bicycles
HodO28NEcLQ,C:\Users\aryan\OneDrive\Desktop\project_new\semantic-photo-intelligence\data\images\unsplash\HodO28NEcLQ.jpg,bicycles
n52HL8hmsdg,C:\Users\aryan\OneDrive\Desktop\project_new\semantic-photo-intelligence\data\images\unsplash\n52HL8hmsdg.jpg,bicycles
M34IAftLLsY,C:\Users\aryan\OneDrive\Desktop\project_new\semantic-photo-intelligence\data\images\unsplash\M34IAftLLsY.jpg,bicycles
tt8NhCE0Hvw,C:\Users\aryan\OneDrive\Desktop\project_new\semantic-photo-intelligence\data\images\unsplash\tt8NhCE0Hvw.jpg,bicycles
kicZLoMAE1g,C:\Users\aryan\OneDrive\Desktop\project_new\semantic-photo-intelligence\data\images\unsplash\kicZLoMAE1g.jpg,bicycles
x3OhtQ2h4Zc,C:\Users\aryan\OneDrive\Desktop\project_new\semantic-photo-intelligence\data\images\unsplash\x3OhtQ2h4Zc.jpg,bicycles
osGg3imtOX4,C:\Users\aryan\OneDrive\Desktop\project_new\semantic-photo-intelligence\data\images\unsplash\osGg3imtOX4.jpg,bicycles
ZgJBJR83FOs,C:\Users\aryan\OneDrive\Desktop\project_new\semantic-photo-intelligence\data\images\unsplash\ZgJBJR83FOs.jpg,bicycles
86rvSHXOjt4,C:\Users\aryan\OneDrive\Desktop\project_new\semantic-photo-intelligence\data\images\unsplash\86rvSHXOjt4.jpg,bicycles
btixXP1dw28,C:\Users\aryan\OneDrive\Desktop\project_new\semantic-photo-intelligence\data\images\unsplash\btixXP1dw28.jpg,bicycles
WaX1Wg160h4,C:\Users\aryan\OneDrive\Desktop\project_new\semantic-photo-intelligence\data\images\unsplash\WaX1Wg160h4.jpg,bicycles
YJ3-FeGCPgM,C:\Users\aryan\OneDrive\Desktop\project_new\semantic-photo-intelligence\data\images\unsplash\YJ3-FeGCPgM.jpg,bicycles
qV3Y2J7unR8,C:\Users\aryan\OneDrive\Desktop\project_new\semantic-photo-intelligence\data\images\unsplash\qV3Y2J7unR8.jpg,bicycles
ziaC0m4Pk5w,C:\Users\aryan\OneDrive\Desktop\project_new\semantic-photo-intelligence\data\images\unsplash\ziaC0m4Pk5w.jpg,bicycles
TwAXz8rwnPE,C:\Users\aryan\OneDrive\Desktop\project_new\semantic-photo-intelligence\data\images\unsplash\TwAXz8rwnPE.jpg,bicycles
_wNOEHkqCoo,C:\Users\aryan\OneDrive\Desktop\project_new\semantic-photo-intelligence\data\images\unsplash\_wNOEHkqCoo.jpg,bicycles
GyFn1kddkXw,C:\Users\aryan\OneDrive\Desktop\project_new\semantic-photo-intelligence\data\images\unsplash\GyFn1kddkXw.jpg,bicycles
0MqeFyrZsoA,C:\Users\aryan\OneDrive\Desktop\project_new\semantic-photo-intelligence\data\images\unsplash\0MqeFyrZsoA.jpg,bicycles
jYp7Nwew9KQ,C:\Users\aryan\OneDrive\Desktop\project_new\semantic-photo-intelligence\data\images\unsplash\jYp7Nwew9KQ.jpg,bicycles
_RfWgVAGLfM,C:\Users\aryan\OneDrive\Desktop\project_new\semantic-photo-intelligence\data\images\unsplash\_RfWgVAGLfM.jpg,bicycles
hxFpOc9OuxA,C:\Users\aryan\OneDrive\Desktop\project_new\semantic-photo-intelligence\data\images\unsplash\hxFpOc9OuxA.jpg,bicycles
3GgP7QwGnXQ,C:\Users\aryan\OneDrive\Desktop\project_new\semantic-photo-intelligence\data\images\unsplash\3GgP7QwGnXQ.jpg,bicycles
cBUt6EeWf3I,C:\Users\aryan\OneDrive\Desktop\project_new\semantic-photo-intelligence\data\images\unsplash\cBUt6EeWf3I.jpg,bicycles
Rj2Xuc6-cd0,C:\Users\aryan\OneDrive\Desktop\project_new\semantic-photo-intelligence\data\images\unsplash\Rj2Xuc6-cd0.jpg,bicycles
fseyI75HPRw,C:\Users\aryan\OneDrive\Desktop\project_new\semantic-photo-intelligence\data\images\unsplash\fseyI75HPRw.jpg,bicycles
LNWsYSXJrxI,C:\Users\aryan\OneDrive\Desktop\project_new\semantic-photo-intelligence\data\images\unsplash\LNWsYSXJrxI.jpg,bicycles
-jXsYZeA7tQ,C:\Users\aryan\OneDrive\Desktop\project_new\semantic-photo-intelligence\data\images\unsplash\-jXsYZeA7tQ.jpg,bicycles
pjP9usKbIbM,C:\Users\aryan\OneDrive\Desktop\project_new\semantic-photo-intelligence\data\images\unsplash\pjP9usKbIbM.jpg,bicycles
FvrjfNKpITc,C:\Users\aryan\OneDrive\Desktop\project_new\semantic-photo-intelligence\data\images\unsplash\FvrjfNKpITc.jpg,bicycles
Q5ms-c062hc,C:\Users\aryan\OneDrive\Desktop\project_new\semantic-photo-intelligence\data\images\unsplash\Q5ms-c062hc.jpg,bicycles
knpZDQSXrOQ,C:\Users\aryan\OneDrive\Desktop\project_new\semantic-photo-intelligence\data\images\unsplash\knpZDQSXrOQ.jpg,bicycles
WlTlru1GMkw,C:\Users\aryan\OneDrive\Desktop\project_new\semantic-photo-intelligence\data\images\unsplash\WlTlru1GMkw.jpg,bicycles
Zl86zNwGFxc,C:\Users\aryan\OneDrive\Desktop\project_new\semantic-photo-intelligence\data\images\unsplash\Zl86zNwGFxc.jpg,bicycles
oNbSx0PSxUU,C:\Users\aryan\OneDrive\Desktop\project_new\semantic-photo-intelligence\data\images\unsplash\oNbSx0PSxUU.jpg,bicycles
C4ylSW9YsXg,C:\Users\aryan\OneDrive\Desktop\project_new\semantic-photo-intelligence\data\images\unsplash\C4ylSW9YsXg.jpg,bicycles
DGsMynNom04,C:\Users\aryan\OneDrive\Desktop\project_new\semantic-photo-intelligence\data\images\unsplash\DGsMynNom04.jpg,bicycles
m6gcW9YPEFI,C:\Users\aryan\OneDrive\Desktop\project_new\semantic-photo-intelligence\data\images\unsplash\m6gcW9YPEFI.jpg,bicycles
B5p9If-Xic8,C:\Users\aryan\OneDrive\Desktop\project_new\semantic-photo-intelligence\data\images\unsplash\B5p9If-Xic8.jpg,bicycles
WFSSsl82MEE,C:\Users\aryan\OneDrive\Desktop\project_new\semantic-photo-intelligence\data\images\unsplash\WFSSsl82MEE.jpg,bicycles
28ztKXfneYk,C:\Users\aryan\OneDrive\Desktop\project_new\semantic-photo-intelligence\data\images\unsplash\28ztKXfneYk.jpg,bicycles
uL6_TP4HOQI,C:\Users\aryan\OneDrive\Desktop\project_new\semantic-photo-intelligence\data\images\unsplash\uL6_TP4HOQI.jpg,bicycles
mfbnCuleh_w,C:\Users\aryan\OneDrive\Desktop\project_new\semantic-photo-intelligence\data\images\unsplash\mfbnCuleh_w.jpg,bicycles
kjt8njhhy7U,C:\Users\aryan\OneDrive\Desktop\project_new\semantic-photo-intelligence\data\images\unsplash\kjt8njhhy7U.jpg,bicycles
wx5N2tZulfc,C:\Users\aryan\OneDrive\Desktop\project_new\semantic-photo-intelligence\data\images\unsplash\wx5N2tZulfc.jpg,bicycles
xbzXSygS6iw,C:\Users\aryan\OneDrive\Desktop\project_new\semantic-photo-intelligence\data\images\unsplash\xbzXSygS6iw.jpg,bicycles
YJCRjsg1LQw,C:\Users\aryan\OneDrive\Desktop\project_new\semantic-photo-intelligence\data\images\unsplash\YJCRjsg1LQw.jpg,bicycles
u1TR2x2cLGI,C:\Users\aryan\OneDrive\Desktop\project_new\semantic-photo-intelligence\data\images\unsplash\u1TR2x2cLGI.jpg,bicycles
Nj09rsh9mvI,C:\Users\aryan\OneDrive\Desktop\project_new\semantic-photo-intelligence\data\images\unsplash\Nj09rsh9mvI.jpg,bicycles
o--JRwA52rM,C:\Users\aryan\OneDrive\Desktop\project_new\semantic-photo-intelligence\data\images\unsplash\o--JRwA52rM.jpg,bicycles
Tf--c9c8vs4,C:\Users\aryan\OneDrive\Desktop\project_new\semantic-photo-intelligence\data\images\unsplash\Tf--c9c8vs4.jpg,bicycles
nzXcSeKRvpg,C:\Users\aryan\OneDrive\Desktop\project_new\semantic-photo-intelligence\data\images\unsplash\nzXcSeKRvpg.jpg,bicycles
iXI5PsrxA-k,C:\Users\aryan\OneDrive\Desktop\project_new\semantic-photo-intelligence\data\images\unsplash\iXI5PsrxA-k.jpg,bicycles
ZvqDDmZts94,C:\Users\aryan\OneDrive\Desktop\project_new\semantic-photo-intelligence\data\images\unsplash\ZvqDDmZts94.jpg,bicycles
cM-ZZlkRQQs,C:\Users\aryan\OneDrive\Desktop\project_new\semantic-photo-intelligence\data\images\unsplash\cM-ZZlkRQQs.jpg,bicycles
XOaGRAO5CE0,C:\Users\aryan\OneDrive\Desktop\project_new\semantic-photo-intelligence\data\images\unsplash\XOaGRAO5CE0.jpg,bicycles
2BZ0CSh-VrY,C:\Users\aryan\OneDrive\Desktop\project_new\semantic-photo-intelligence\data\images\unsplash\2BZ0CSh-VrY.jpg,bicycles
fH6E-zUtCAg,C:\Users\aryan\OneDrive\Desktop\project_new\semantic-photo-intelligence\data\images\unsplash\fH6E-zUtCAg.jpg,flowers
_PsClD3drUY,C:\Users\aryan\OneDrive\Desktop\project_new\semantic-photo-intelligence\data\images\unsplash\_PsClD3drUY.jpg,flowers
hxMTWoUC6W4,C:\Users\aryan\OneDrive\Desktop\project_new\semantic-photo-intelligence\data\images\unsplash\hxMTWoUC6W4.jpg,flowers
2V8xZRYgpnk,C:\Users\aryan\OneDrive\Desktop\project_new\semantic-photo-intelligence\data\images\unsplash\2V8xZRYgpnk.jpg,flowers
tR2aTsb4qG0,C:\Users\aryan\OneDrive\Desktop\project_new\semantic-photo-intelligence\data\images\unsplash\tR2aTsb4qG0.jpg,flowers
WPAl7OvYGaU,C:\Users\aryan\OneDrive\Desktop\project_new\semantic-photo-intelligence\data\images\unsplash\WPAl7OvYGaU.jpg,flowers
zzEfkmxUFyQ,C:\Users\aryan\OneDrive\Desktop\project_new\semantic-photo-intelligence\data\images\unsplash\zzEfkmxUFyQ.jpg,flowers
Ti3kj_mAvvI,C:\Users\aryan\OneDrive\Desktop\project_new\semantic-photo-intelligence\data\images\unsplash\Ti3kj_mAvvI.jpg,flowers
Zc-XbsnZZ98,C:\Users\aryan\OneDrive\Desktop\project_new\semantic-photo-intelligence\data\images\unsplash\Zc-XbsnZZ98.jpg,flowers
3k05GwopngI,C:\Users\aryan\OneDrive\Desktop\project_new\semantic-photo-intelligence\data\images\unsplash\3k05GwopngI.jpg,flowers
vvpaOa08GGY,C:\Users\aryan\OneDrive\Desktop\project_new\semantic-photo-intelligence\data\images\unsplash\vvpaOa08GGY.jpg,flowers
aErJZckIlYA,C:\Users\aryan\OneDrive\Desktop\project_new\semantic-photo-intelligence\data\images\unsplash\aErJZckIlYA.jpg,flowers
kDo57E2qOE4,C:\Users\aryan\OneDrive\Desktop\project_new\semantic-photo-intelligence\data\images\unsplash\kDo57E2qOE4.jpg,flowers
e-HyzfROGB4,C:\Users\aryan\OneDrive\Desktop\project_new\semantic-photo-intelligence\data\images\unsplash\e-HyzfROGB4.jpg,flowers
9mfWhVGQfww,C:\Users\aryan\OneDrive\Desktop\project_new\semantic-photo-intelligence\data\images\unsplash\9mfWhVGQfww.jpg,flowers
WW9Kxy1VKDU,C:\Users\aryan\OneDrive\Desktop\project_new\semantic-photo-intelligence\data\images\unsplash\WW9Kxy1VKDU.jpg,flowers
bBiuSdck8tU,C:\Users\aryan\OneDrive\Desktop\project_new\semantic-photo-intelligence\data\images\unsplash\bBiuSdck8tU.jpg,flowers
5DLvpkwOpAs,C:\Users\aryan\OneDrive\Desktop\project_new\semantic-photo-intelligence\data\images\unsplash\5DLvpkwOpAs.jpg,flowers
ld22sXVrhJQ,C:\Users\aryan\OneDrive\Desktop\project_new\semantic-photo-intelligence\data\images\unsplash\ld22sXVrhJQ.jpg,flowers
YzfZA-MASLY,C:\Users\aryan\OneDrive\Desktop\project_new\semantic-photo-intelligence\data\images\unsplash\YzfZA-MASLY.jpg,flowers
tv-d1R3FItE,C:\Users\aryan\OneDrive\Desktop\project_new\semantic-photo-intelligence\data\images\unsplash\tv-d1R3FItE.jpg,flowers
iVrLEwpLrMY,C:\Users\aryan\OneDrive\Desktop\project_new\semantic-photo-intelligence\data\images\unsplash\iVrLEwpLrMY.jpg,flowers
_GoKbNepeLQ,C:\Users\aryan\OneDrive\Desktop\project_new\semantic-photo-intelligence\data\images\unsplash\_GoKbNepeLQ.jpg,flowers
fnctVhgg25s,C:\Users\aryan\OneDrive\Desktop\project_new\semantic-photo-intelligence\data\images\unsplash\fnctVhgg25s.jpg,flowers
bqoNPyDMQLs,C:\Users\aryan\OneDrive\Desktop\project_new\semantic-photo-intelligence\data\images\unsplash\bqoNPyDMQLs.jpg,flowers
4p-6t9ee_oM,C:\Users\aryan\OneDrive\Desktop\project_new\semantic-photo-intelligence\data\images\unsplash\4p-6t9ee_oM.jpg,flowers
6eu5kX1F0hA,C:\Users\aryan\OneDrive\Desktop\project_new\semantic-photo-intelligence\data\images\unsplash\6eu5kX1F0hA.jpg,flowers
vzNTn3mOyKw,C:\Users\aryan\OneDrive\Desktop\project_new\semantic-photo-intelligence\data\images\unsplash\vzNTn3mOyKw.jpg,flowers
vJ1Pf6Ubi7I,C:\Users\aryan\OneDrive\Desktop\project_new\semantic-photo-intelligence\data\images\unsplash\vJ1Pf6Ubi7I.jpg,flowers
c75KOeHKvxc,C:\Users\aryan\OneDrive\Desktop\project_new\semantic-photo-intelligence\data\images\unsplash\c75KOeHKvxc.jpg,flowers
z31BR7wF0UA,C:\Users\aryan\OneDrive\Desktop\project_new\semantic-photo-intelligence\data\images\unsplash\z31BR7wF0UA.jpg,flowers
HHECQkCO0dc,C:\Users\aryan\OneDrive\Desktop\project_new\semantic-photo-intelligence\data\images\unsplash\HHECQkCO0dc.jpg,flowers
OvesZXGbkbw,C:\Users\aryan\OneDrive\Desktop\project_new\semantic-photo-intelligence\data\images\unsplash\OvesZXGbkbw.jpg,flowers
i3GE3y8F0jg,C:\Users\aryan\OneDrive\Desktop\project_new\semantic-photo-intelligence\data\images\unsplash\i3GE3y8F0jg.jpg,flowers
RrCjwzmvWhE,C:\Users\aryan\OneDrive\Desktop\project_new\semantic-photo-intelligence\data\images\unsplash\RrCjwzmvWhE.jpg,flowers
wfNm2fIgapI,C:\Users\aryan\OneDrive\Desktop\project_new\semantic-photo-intelligence\data\images\unsplash\wfNm2fIgapI.jpg,flowers
BYmAySuY7U0,C:\Users\aryan\OneDrive\Desktop\project_new\semantic-photo-intelligence\data\images\unsplash\BYmAySuY7U0.jpg,flowers
Wak4osNZ9CQ,C:\Users\aryan\OneDrive\Desktop\project_new\semantic-photo-intelligence\data\images\unsplash\Wak4osNZ9CQ.jpg,flowers
mhcoGbnaThc,C:\Users\aryan\OneDrive\Desktop\project_new\semantic-photo-intelligence\data\images\unsplash\mhcoGbnaThc.jpg,flowers
bKAJqLwO7n0,C:\Users\aryan\OneDrive\Desktop\project_new\semantic-photo-intelligence\data\images\unsplash\bKAJqLwO7n0.jpg,flowers
7w0qmCsxcyU,C:\Users\aryan\OneDrive\Desktop\project_new\semantic-photo-intelligence\data\images\unsplash\7w0qmCsxcyU.jpg,flowers
Xysv7yo5zZY,C:\Users\aryan\OneDrive\Desktop\project_new\semantic-photo-intelligence\data\images\unsplash\Xysv7yo5zZY.jpg,flowers
yrocI57DI18,C:\Users\aryan\OneDrive\Desktop\project_new\semantic-photo-intelligence\data\images\unsplash\yrocI57DI18.jpg,flowers
qayNP9ccw9E,C:\Users\aryan\OneDrive\Desktop\project_new\semantic-photo-intelligence\data\images\unsplash\qayNP9ccw9E.jpg,flowers
k7TxFz4JEQk,C:\Users\aryan\OneDrive\Desktop\project_new\semantic-photo-intelligence\data\images\unsplash\k7TxFz4JEQk.jpg,flowers
dpQqhZRyF7w,C:\Users\aryan\OneDrive\Desktop\project_new\semantic-photo-intelligence\data\images\unsplash\dpQqhZRyF7w.jpg,flowers
5GKdpmo0wI8,C:\Users\aryan\OneDrive\Desktop\project_new\semantic-photo-intelligence\data\images\unsplash\5GKdpmo0wI8.jpg,flowers
1e6qyO3Zy9Y,C:\Users\aryan\OneDrive\Desktop\project_new\semantic-photo-intelligence\data\images\unsplash\1e6qyO3Zy9Y.jpg,flowers
ip1LRG9rljg,C:\Users\aryan\OneDrive\Desktop\project_new\semantic-photo-intelligence\data\images\unsplash\ip1LRG9rljg.jpg,flowers
HdCjBjxYyWk,C:\Users\aryan\OneDrive\Desktop\project_new\semantic-photo-intelligence\data\images\unsplash\HdCjBjxYyWk.jpg,flowers
PhOAIvz3fBA,C:\Users\aryan\OneDrive\Desktop\project_new\semantic-photo-intelligence\data\images\unsplash\PhOAIvz3fBA.jpg,flowers
AA4QB4Q1v14,C:\Users\aryan\OneDrive\Desktop\project_new\semantic-photo-intelligence\data\images\unsplash\AA4QB4Q1v14.jpg,flowers
lfMh5cB030U,C:\Users\aryan\OneDrive\Desktop\project_new\semantic-photo-intelligence\data\images\unsplash\lfMh5cB030U.jpg,flowers
zETOmeqpWQs,C:\Users\aryan\OneDrive\Desktop\project_new\semantic-photo-intelligence\data\images\unsplash\zETOmeqpWQs.jpg,flowers
WD-v2MnW59U,C:\Users\aryan\OneDrive\Desktop\project_new\semantic-photo-intelligence\data\images\unsplash\WD-v2MnW59U.jpg,flowers
mvU5TXxpwwQ,C:\Users\aryan\OneDrive\Desktop\project_new\semantic-photo-intelligence\data\images\unsplash\mvU5TXxpwwQ.jpg,flowers
9ZO4Rt39xxk,C:\Users\aryan\OneDrive\Desktop\project_new\semantic-photo-intelligence\data\images\unsplash\9ZO4Rt39xxk.jpg,flowers
cmbbwn-2Ilw,C:\Users\aryan\OneDrive\Desktop\project_new\semantic-photo-intelligence\data\images\unsplash\cmbbwn-2Ilw.jpg,flowers
pj3guz0kyUc,C:\Users\aryan\OneDrive\Desktop\project_new\semantic-photo-intelligence\data\images\unsplash\pj3guz0kyUc.jpg,flowers
9YpzV6czaAI,C:\Users\aryan\OneDrive\Desktop\project_new\semantic-photo-intelligence\data\images\unsplash\9YpzV6czaAI.jpg,flowers
nBDb1m-_nJA,C:\Users\aryan\OneDrive\Desktop\project_new\semantic-photo-intelligence\data\images\unsplash\nBDb1m-_nJA.jpg,flowers
REMx8pcn5dI,C:\Users\aryan\OneDrive\Desktop\project_new\semantic-photo-intelligence\data\images\unsplash\REMx8pcn5dI.jpg,flowers
US1kBah1F4s,C:\Users\aryan\OneDrive\Desktop\project_new\semantic-photo-intelligence\data\images\unsplash\US1kBah1F4s.jpg,flowers
DN_yjgCAShE,C:\Users\aryan\OneDrive\Desktop\project_new\semantic-photo-intelligence\data\images\unsplash\DN_yjgCAShE.jpg,flowers
WDAjGgL8s6s,C:\Users\aryan\OneDrive\Desktop\project_new\semantic-photo-intelligence\data\images\unsplash\WDAjGgL8s6s.jpg,flowers
v8-cAH5cmTU,C:\Users\aryan\OneDrive\Desktop\project_new\semantic-photo-intelligence\data\images\unsplash\v8-cAH5cmTU.jpg,flowers
ZPb0oRkyI0A,C:\Users\aryan\OneDrive\Desktop\project_new\semantic-photo-intelligence\data\images\unsplash\ZPb0oRkyI0A.jpg,flowers
vT01Ptkjw1s,C:\Users\aryan\OneDrive\Desktop\project_new\semantic-photo-intelligence\data\images\unsplash\vT01Ptkjw1s.jpg,flowers
iJGhIMWKz7w,C:\Users\aryan\OneDrive\Desktop\project_new\semantic-photo-intelligence\data\images\unsplash\iJGhIMWKz7w.jpg,flowers
WDA2VnXHV3w,C:\Users\aryan\OneDrive\Desktop\project_new\semantic-photo-intelligence\data\images\unsplash\WDA2VnXHV3w.jpg,flowers
mba39OxwVJk,C:\Users\aryan\OneDrive\Desktop\project_new\semantic-photo-intelligence\data\images\unsplash\mba39OxwVJk.jpg,flowers
UHJCt2tyCPI,C:\Users\aryan\OneDrive\Desktop\project_new\semantic-photo-intelligence\data\images\unsplash\UHJCt2tyCPI.jpg,flowers
7IGfv8Fr3X0,C:\Users\aryan\OneDrive\Desktop\project_new\semantic-photo-intelligence\data\images\unsplash\7IGfv8Fr3X0.jpg,flowers
-esAIGzeMqU,C:\Users\aryan\OneDrive\Desktop\project_new\semantic-photo-intelligence\data\images\unsplash\-esAIGzeMqU.jpg,flowers
4SbDro9ND5c,C:\Users\aryan\OneDrive\Desktop\project_new\semantic-photo-intelligence\data\images\unsplash\4SbDro9ND5c.jpg,flowers
qOKknZH3RHg,C:\Users\aryan\OneDrive\Desktop\project_new\semantic-photo-intelligence\data\images\unsplash\qOKknZH3RHg.jpg,flowers
v08L_SdFKNI,C:\Users\aryan\OneDrive\Desktop\project_new\semantic-photo-intelligence\data\images\unsplash\v08L_SdFKNI.jpg,flowers
JyBidC-_Sa8,C:\Users\aryan\OneDrive\Desktop\project_new\semantic-photo-intelligence\data\images\unsplash\JyBidC-_Sa8.jpg,flowers
UiRRFlDSyXs,C:\Users\aryan\OneDrive\Desktop\project_new\semantic-photo-intelligence\data\images\unsplash\UiRRFlDSyXs.jpg,flowers
4wIY3oykWMo,C:\Users\aryan\OneDrive\Desktop\project_new\semantic-photo-intelligence\data\images\unsplash\4wIY3oykWMo.jpg,flowers
aob1glDYLKw,C:\Users\aryan\OneDrive\Desktop\project_new\semantic-photo-intelligence\data\images\unsplash\aob1glDYLKw.jpg,flowers
7fEknK2HgFY,C:\Users\aryan\OneDrive\Desktop\project_new\semantic-photo-intelligence\data\images\unsplash\7fEknK2HgFY.jpg,flowers
kk1D_oOmwfQ,C:\Users\aryan\OneDrive\Desktop\project_new\semantic-photo-intelligence\data\images\unsplash\kk1D_oOmwfQ.jpg,flowers
SzD33Xh8SIA,C:\Users\aryan\OneDrive\Desktop\project_new\semantic-photo-intelligence\data\images\unsplash\SzD33Xh8SIA.jpg,flowers
w5tI4WACAKo,C:\Users\aryan\OneDrive\Desktop\project_new\semantic-photo-intelligence\data\images\unsplash\w5tI4WACAKo.jpg,flowers
DoZcHV5t9Bw,C:\Users\aryan\OneDrive\Desktop\project_new\semantic-photo-intelligence\data\images\unsplash\DoZcHV5t9Bw.jpg,flowers
pS2U9AX5Usg,C:\Users\aryan\OneDrive\Desktop\project_new\semantic-photo-intelligence\data\images\unsplash\pS2U9AX5Usg.jpg,flowers
mSyTJIOClFI,C:\Users\aryan\OneDrive\Desktop\project_new\semantic-photo-intelligence\data\images\unsplash\mSyTJIOClFI.jpg,flowers
BcD1vwoiaVo,C:\Users\aryan\OneDrive\Desktop\project_new\semantic-photo-intelligence\data\images\unsplash\BcD1vwoiaVo.jpg,flowers
wYpgRt0qZkk,C:\Users\aryan\OneDrive\Desktop\project_new\semantic-photo-intelligence\data\images\unsplash\wYpgRt0qZkk.jpg,flowers
C3pzgcA3Uk0,C:\Users\aryan\OneDrive\Desktop\project_new\semantic-photo-intelligence\data\images\unsplash\C3pzgcA3Uk0.jpg,flowers
ezZXJoS03eQ,C:\Users\aryan\OneDrive\Desktop\project_new\semantic-photo-intelligence\data\images\unsplash\ezZXJoS03eQ.jpg,flowers
iOUxzLxE3m8,C:\Users\aryan\OneDrive\Desktop\project_new\semantic-photo-intelligence\data\images\unsplash\iOUxzLxE3m8.jpg,flowers
F1cMxMqk0Vc,C:\Users\aryan\OneDrive\Desktop\project_new\semantic-photo-intelligence\data\images\unsplash\F1cMxMqk0Vc.jpg,flowers
lhsEoR-mxKM,C:\Users\aryan\OneDrive\Desktop\project_new\semantic-photo-intelligence\data\images\unsplash\lhsEoR-mxKM.jpg,flowers
udfF-LFWPbM,C:\Users\aryan\OneDrive\Desktop\project_new\semantic-photo-intelligence\data\images\unsplash\udfF-LFWPbM.jpg,flowers
6lDhQ7fCtYc,C:\Users\aryan\OneDrive\Desktop\project_new\semantic-photo-intelligence\data\images\unsplash\6lDhQ7fCtYc.jpg,flowers
TFNpV_iC19E,C:\Users\aryan\OneDrive\Desktop\project_new\semantic-photo-intelligence\data\images\unsplash\TFNpV_iC19E.jpg,flowers
7MNh1TqZ69o,C:\Users\aryan\OneDrive\Desktop\project_new\semantic-photo-intelligence\data\images\unsplash\7MNh1TqZ69o.jpg,flowers
S_AAp27zg_s,C:\Users\aryan\OneDrive\Desktop\project_new\semantic-photo-intelligence\data\images\unsplash\S_AAp27zg_s.jpg,flowers
6WZQkGI3V4s,C:\Users\aryan\OneDrive\Desktop\project_new\semantic-photo-intelligence\data\images\unsplash\6WZQkGI3V4s.jpg,cars
Ou_dF_T_GxY,C:\Users\aryan\OneDrive\Desktop\project_new\semantic-photo-intelligence\data\images\unsplash\Ou_dF_T_GxY.jpg,cars
eYX4m0EcNEs,C:\Users\aryan\OneDrive\Desktop\project_new\semantic-photo-intelligence\data\images\unsplash\eYX4m0EcNEs.jpg,cars
jiLIdo3tulg,C:\Users\aryan\OneDrive\Desktop\project_new\semantic-photo-intelligence\data\images\unsplash\jiLIdo3tulg.jpg,cars
2UJNFZViRIk,C:\Users\aryan\OneDrive\Desktop\project_new\semantic-photo-intelligence\data\images\unsplash\2UJNFZViRIk.jpg,cars
K0A34ok-1GU,C:\Users\aryan\OneDrive\Desktop\project_new\semantic-photo-intelligence\data\images\unsplash\K0A34ok-1GU.jpg,cars
YBEyahCAcHU,C:\Users\aryan\OneDrive\Desktop\project_new\semantic-photo-intelligence\data\images\unsplash\YBEyahCAcHU.jpg,cars
Pzou5WWtMVA,C:\Users\aryan\OneDrive\Desktop\project_new\semantic-photo-intelligence\data\images\unsplash\Pzou5WWtMVA.jpg,cars
2DADsNcfqqs,C:\Users\aryan\OneDrive\Desktop\project_new\semantic-photo-intelligence\data\images\unsplash\2DADsNcfqqs.jpg,cars
bfwhP9xodvE,C:\Users\aryan\OneDrive\Desktop\project_new\semantic-photo-intelligence\data\images\unsplash\bfwhP9xodvE.jpg,cars
X63vSIjsy-E,C:\Users\aryan\OneDrive\Desktop\project_new\semantic-photo-intelligence\data\images\unsplash\X63vSIjsy-E.jpg,cars
5UFn4Ly4jwQ,C:\Users\aryan\OneDrive\Desktop\project_new\semantic-photo-intelligence\data\images\unsplash\5UFn4Ly4jwQ.jpg,cars
grRT72ox7Q8,C:\Users\aryan\OneDrive\Desktop\project_new\semantic-photo-intelligence\data\images\unsplash\grRT72ox7Q8.jpg,cars
ew6Mt77oSHI,C:\Users\aryan\OneDrive\Desktop\project_new\semantic-photo-intelligence\data\images\unsplash\ew6Mt77oSHI.jpg,cars
qLnrOTpo5bA,C:\Users\aryan\OneDrive\Desktop\project_new\semantic-photo-intelligence\data\images\unsplash\qLnrOTpo5bA.jpg,cars
_Qps0BHs4HU,C:\Users\aryan\OneDrive\Desktop\project_new\semantic-photo-intelligence\data\images\unsplash\_Qps0BHs4HU.jpg,cars
YiEsYbi23RI,C:\Users\aryan\OneDrive\Desktop\project_new\semantic-photo-intelligence\data\images\unsplash\YiEsYbi23RI.jpg,cars
qS46PROnAOQ,C:\Users\aryan\OneDrive\Desktop\project_new\semantic-photo-intelligence\data\images\unsplash\qS46PROnAOQ.jpg,cars
Gv7jYYGQVYw,C:\Users\aryan\OneDrive\Desktop\project_new\semantic-photo-intelligence\data\images\unsplash\Gv7jYYGQVYw.jpg,cars
afwi-D9xmt4,C:\Users\aryan\OneDrive\Desktop\project_new\semantic-photo-intelligence\data\images\unsplash\afwi-D9xmt4.jpg,cars
DMjxUDZ5PSQ,C:\Users\aryan\OneDrive\Desktop\project_new\semantic-photo-intelligence\data\images\unsplash\DMjxUDZ5PSQ.jpg,cars
5-kO26OBmIU,C:\Users\aryan\OneDrive\Desktop\project_new\semantic-photo-intelligence\data\images\unsplash\5-kO26OBmIU.jpg,cars
s48nn4NtlZ4,C:\Users\aryan\OneDrive\Desktop\project_new\semantic-photo-intelligence\data\images\unsplash\s48nn4NtlZ4.jpg,cars
PkXHRgGSw4o,C:\Users\aryan\OneDrive\Desktop\project_new\semantic-photo-intelligence\data\images\unsplash\PkXHRgGSw4o.jpg,cars
TUpGrkNEcx0,C:\Users\aryan\OneDrive\Desktop\project_new\semantic-photo-intelligence\data\images\unsplash\TUpGrkNEcx0.jpg,cars
0Ho51-iGey8,C:\Users\aryan\OneDrive\Desktop\project_new\semantic-photo-intelligence\data\images\unsplash\0Ho51-iGey8.jpg,cars
apFLUM7woRE,C:\Users\aryan\OneDrive\Desktop\project_new\semantic-photo-intelligence\data\images\unsplash\apFLUM7woRE.jpg,cars
EI4thy6TzEU,C:\Users\aryan\OneDrive\Desktop\project_new\semantic-photo-intelligence\data\images\unsplash\EI4thy6TzEU.jpg,cars
VQY-D1Oxu5Q,C:\Users\aryan\OneDrive\Desktop\project_new\semantic-photo-intelligence\data\images\unsplash\VQY-D1Oxu5Q.jpg,cars
5JVfo96zGK8,C:\Users\aryan\OneDrive\Desktop\project_new\semantic-photo-intelligence\data\images\unsplash\5JVfo96zGK8.jpg,cars
-vvVRRN0Ims,C:\Users\aryan\OneDrive\Desktop\project_new\semantic-photo-intelligence\data\images\unsplash\-vvVRRN0Ims.jpg,cars
29SqSdfvN_A,C:\Users\aryan\OneDrive\Desktop\project_new\semantic-photo-intelligence\data\images\unsplash\29SqSdfvN_A.jpg,cars
4Lh-4xE5_Js,C:\Users\aryan\OneDrive\Desktop\project_new\semantic-photo-intelligence\data\images\unsplash\4Lh-4xE5_Js.jpg,cars
Z_xEXzSZhgs,C:\Users\aryan\OneDrive\Desktop\project_new\semantic-photo-intelligence\data\images\unsplash\Z_xEXzSZhgs.jpg,cars
8_q9cHYKLhM,C:\Users\aryan\OneDrive\Desktop\project_new\semantic-photo-intelligence\data\images\unsplash\8_q9cHYKLhM.jpg,cars
oXghXngfH2c,C:\Users\aryan\OneDrive\Desktop\project_new\semantic-photo-intelligence\data\images\unsplash\oXghXngfH2c.jpg,cars
UUdT7XIkwM4,C:\Users\aryan\OneDrive\Desktop\project_new\semantic-photo-intelligence\data\images\unsplash\UUdT7XIkwM4.jpg,cars
tBTOdkeTn8s,C:\Users\aryan\OneDrive\Desktop\project_new\semantic-photo-intelligence\data\images\unsplash\tBTOdkeTn8s.jpg,cars
dt0A75WG_aE,C:\Users\aryan\OneDrive\Desktop\project_new\semantic-photo-intelligence\data\images\unsplash\dt0A75WG_aE.jpg,cars
DSNjT7rOjX4,C:\Users\aryan\OneDrive\Desktop\project_new\semantic-photo-intelligence\data\images\unsplash\DSNjT7rOjX4.jpg,cars
dMakhkE1poE,C:\Users\aryan\OneDrive\Desktop\project_new\semantic-photo-intelligence\data\images\unsplash\dMakhkE1poE.jpg,cars
9NK-gKbHd1Q,C:\Users\aryan\OneDrive\Desktop\project_new\semantic-photo-intelligence\data\images\unsplash\9NK-gKbHd1Q.jpg,cars
1AfnsepVhJQ,C:\Users\aryan\OneDrive\Desktop\project_new\semantic-photo-intelligence\data\images\unsplash\1AfnsepVhJQ.jpg,cars
bgw5HDiGzt0,C:\Users\aryan\OneDrive\Desktop\project_new\semantic-photo-intelligence\data\images\unsplash\bgw5HDiGzt0.jpg,cars
Lrh3mpcFKzE,C:\Users\aryan\OneDrive\Desktop\project_new\semantic-photo-intelligence\data\images\unsplash\Lrh3mpcFKzE.jpg,cars
8T4Iioq6d6c,C:\Users\aryan\OneDrive\Desktop\project_new\semantic-photo-intelligence\data\images\unsplash\8T4Iioq6d6c.jpg,cars
8b2X85y0b44,C:\Users\aryan\OneDrive\Desktop\project_new\semantic-photo-intelligence\data\images\unsplash\8b2X85y0b44.jpg,cars
LW-MAA9e840,C:\Users\aryan\OneDrive\Desktop\project_new\semantic-photo-intelligence\data\images\unsplash\LW-MAA9e840.jpg,cars
2WZy9Yf3kvs,C:\Users\aryan\OneDrive\Desktop\project_new\semantic-photo-intelligence\data\images\unsplash\2WZy9Yf3kvs.jpg,cars
DI5eFSYszy0,C:\Users\aryan\OneDrive\Desktop\project_new\semantic-photo-intelligence\data\images\unsplash\DI5eFSYszy0.jpg,cars
tghRzdAADXE,C:\Users\aryan\OneDrive\Desktop\project_new\semantic-photo-intelligence\data\images\unsplash\tghRzdAADXE.jpg,cars
sx39cMWn6EM,C:\Users\aryan\OneDrive\Desktop\project_new\semantic-photo-intelligence\data\images\unsplash\sx39cMWn6EM.jpg,cars
oBTC7jviUxs,C:\Users\aryan\OneDrive\Desktop\project_new\semantic-photo-intelligence\data\images\unsplash\oBTC7jviUxs.jpg,cars
ONMpvKeYaeM,C:\Users\aryan\OneDrive\Desktop\project_new\semantic-photo-intelligence\data\images\unsplash\ONMpvKeYaeM.jpg,cars
ozGhOrrzoR8,C:\Users\aryan\OneDrive\Desktop\project_new\semantic-photo-intelligence\data\images\unsplash\ozGhOrrzoR8.jpg,cars
gW-MSuNgAAA,C:\Users\aryan\OneDrive\Desktop\project_new\semantic-photo-intelligence\data\images\unsplash\gW-MSuNgAAA.jpg,cars
Y3gJZuWKyeg,C:\Users\aryan\OneDrive\Desktop\project_new\semantic-photo-intelligence\data\images\unsplash\Y3gJZuWKyeg.jpg,cars
KryRJB-FBUg,C:\Users\aryan\OneDrive\Desktop\project_new\semantic-photo-intelligence\data\images\unsplash\KryRJB-FBUg.jpg,cars
BIJNpjSuY6U,C:\Users\aryan\OneDrive\Desktop\project_new\semantic-photo-intelligence\data\images\unsplash\BIJNpjSuY6U.jpg,cars
b9UD4E22YUc,C:\Users\aryan\OneDrive\Desktop\project_new\semantic-photo-intelligence\data\images\unsplash\b9UD4E22YUc.jpg,cars
-2loC3xzDF8,C:\Users\aryan\OneDrive\Desktop\project_new\semantic-photo-intelligence\data\images\unsplash\-2loC3xzDF8.jpg,cars
el8wSmniCjE,C:\Users\aryan\OneDrive\Desktop\project_new\semantic-photo-intelligence\data\images\unsplash\el8wSmniCjE.jpg,cars
Jcy_G4W46uc,C:\Users\aryan\OneDrive\Desktop\project_new\semantic-photo-intelligence\data\images\unsplash\Jcy_G4W46uc.jpg,cars
igTWD8pF3tM,C:\Users\aryan\OneDrive\Desktop\project_new\semantic-photo-intelligence\data\images\unsplash\igTWD8pF3tM.jpg,cars
CFeV1J8g1HA,C:\Users\aryan\OneDrive\Desktop\project_new\semantic-photo-intelligence\data\images\unsplash\CFeV1J8g1HA.jpg,cars
79hJX_Wl6ac,C:\Users\aryan\OneDrive\Desktop\project_new\semantic-photo-intelligence\data\images\unsplash\79hJX_Wl6ac.jpg,cars
82JvJrB9deY,C:\Users\aryan\OneDrive\Desktop\project_new\semantic-photo-intelligence\data\images\unsplash\82JvJrB9deY.jpg,cars
9WW1IVK9vJo,C:\Users\aryan\OneDrive\Desktop\project_new\semantic-photo-intelligence\data\images\unsplash\9WW1IVK9vJo.jpg,cars
On2OKC3o5Nk,C:\Users\aryan\OneDrive\Desktop\project_new\semantic-photo-intelligence\data\images\unsplash\On2OKC3o5Nk.jpg,cars
QsEO-fynmos,C:\Users\aryan\OneDrive\Desktop\project_new\semantic-photo-intelligence\data\images\unsplash\QsEO-fynmos.jpg,cars
A3sCRWbgNwc,C:\Users\aryan\OneDrive\Desktop\project_new\semantic-photo-intelligence\data\images\unsplash\A3sCRWbgNwc.jpg,cars
cQPUosG9dQE,C:\Users\aryan\OneDrive\Desktop\project_new\semantic-photo-intelligence\data\images\unsplash\cQPUosG9dQE.jpg,cars
tFEmy--9XV8,C:\Users\aryan\OneDrive\Desktop\project_new\semantic-photo-intelligence\data\images\unsplash\tFEmy--9XV8.jpg,cars
YY-LeXGF-p4,C:\Users\aryan\OneDrive\Desktop\project_new\semantic-photo-intelligence\data\images\unsplash\YY-LeXGF-p4.jpg,cars
PjSxVpS_FLI,C:\Users\aryan\OneDrive\Desktop\project_new\semantic-photo-intelligence\data\images\unsplash\PjSxVpS_FLI.jpg,cars
uxMJ84tGb0Q,C:\Users\aryan\OneDrive\Desktop\project_new\semantic-photo-intelligence\data\images\unsplash\uxMJ84tGb0Q.jpg,cars
5-RnsIUj9Dg,C:\Users\aryan\OneDrive\Desktop\project_new\semantic-photo-intelligence\data\images\unsplash\5-RnsIUj9Dg.jpg,cars
fKxJXt5ppAU,C:\Users\aryan\OneDrive\Desktop\project_new\semantic-photo-intelligence\data\images\unsplash\fKxJXt5ppAU.jpg,cars
ocqT7E3QJlk,C:\Users\aryan\OneDrive\Desktop\project_new\semantic-photo-intelligence\data\images\unsplash\ocqT7E3QJlk.jpg,cars
VZ_GDBK98FQ,C:\Users\aryan\OneDrive\Desktop\project_new\semantic-photo-intelligence\data\images\unsplash\VZ_GDBK98FQ.jpg,cars
38Sum_PMRtk,C:\Users\aryan\OneDrive\Desktop\project_new\semantic-photo-intelligence\data\images\unsplash\38Sum_PMRtk.jpg,cars
LU-ekYZt5oQ,C:\Users\aryan\OneDrive\Desktop\project_new\semantic-photo-intelligence\data\images\unsplash\LU-ekYZt5oQ.jpg,cars
rZEl_Qb23yc,C:\Users\aryan\OneDrive\Desktop\project_new\semantic-photo-intelligence\data\images\unsplash\rZEl_Qb23yc.jpg,cars
m0iTR9vvcyg,C:\Users\aryan\OneDrive\Desktop\project_new\semantic-photo-intelligence\data\images\unsplash\m0iTR9vvcyg.jpg,cars
eh25BL-KTNU,C:\Users\aryan\OneDrive\Desktop\project_new\semantic-photo-intelligence\data\images\unsplash\eh25BL-KTNU.jpg,cars
VaH2X8eHKVg,C:\Users\aryan\OneDrive\Desktop\project_new\semantic-photo-intelligence\data\images\unsplash\VaH2X8eHKVg.jpg,cars
wjhhQ3ImyrU,C:\Users\aryan\OneDrive\Desktop\project_new\semantic-photo-intelligence\data\images\unsplash\wjhhQ3ImyrU.jpg,cars
xSMkwnpLdgA,C:\Users\aryan\OneDrive\Desktop\project_new\semantic-photo-intelligence\data\images\unsplash\xSMkwnpLdgA.jpg,cars
XUqKgdAsLhs,C:\Users\aryan\OneDrive\Desktop\project_new\semantic-photo-intelligence\data\images\unsplash\XUqKgdAsLhs.jpg,cars
kZuLR2H-CCs,C:\Users\aryan\OneDrive\Desktop\project_new\semantic-photo-intelligence\data\images\unsplash\kZuLR2H-CCs.jpg,cars
5yOefHJEaGw,C:\Users\aryan\OneDrive\Desktop\project_new\semantic-photo-intelligence\data\images\unsplash\5yOefHJEaGw.jpg,cars
RFSIWpa5hcM,C:\Users\aryan\OneDrive\Desktop\project_new\semantic-photo-intelligence\data\images\unsplash\RFSIWpa5hcM.jpg,cars
a8q3lk93pwE,C:\Users\aryan\OneDrive\Desktop\project_new\semantic-photo-intelligence\data\images\unsplash\a8q3lk93pwE.jpg,cars
5IVa9hrd9x4,C:\Users\aryan\OneDrive\Desktop\project_new\semantic-photo-intelligence\data\images\unsplash\5IVa9hrd9x4.jpg,cars
tcehx6j7vaM,C:\Users\aryan\OneDrive\Desktop\project_new\semantic-photo-intelligence\data\images\unsplash\tcehx6j7vaM.jpg,cars
6Omj65__XW8,C:\Users\aryan\OneDrive\Desktop\project_new\semantic-photo-intelligence\data\images\unsplash\6Omj65__XW8.jpg,cars
VpsoFlLWp-8,C:\Users\aryan\OneDrive\Desktop\project_new\semantic-photo-intelligence\data\images\unsplash\VpsoFlLWp-8.jpg,cars
RIrYF6_HwOY,C:\Users\aryan\OneDrive\Desktop\project_new\semantic-photo-intelligence\data\images\unsplash\RIrYF6_HwOY.jpg,cars
m-TaB8a8Bwg,C:\Users\aryan\OneDrive\Desktop\project_new\semantic-photo-intelligence\data\images\unsplash\m-TaB8a8Bwg.jpg,cars
y7KWvgT7__g,C:\Users\aryan\OneDrive\Desktop\project_new\semantic-photo-intelligence\data\images\unsplash\y7KWvgT7__g.jpg,cars
nDIZsRWrqQk,C:\Users\aryan\OneDrive\Desktop\project_new\semantic-photo-intelligence\data\images\unsplash\nDIZsRWrqQk.jpg,cats
TFpbeI5Y58k,C:\Users\aryan\OneDrive\Desktop\project_new\semantic-photo-intelligence\data\images\unsplash\TFpbeI5Y58k.jpg,cats
2wY8WGUTUHk,C:\Users\aryan\OneDrive\Desktop\project_new\semantic-photo-intelligence\data\images\unsplash\2wY8WGUTUHk.jpg,cats
-QGe504tURw,C:\Users\aryan\OneDrive\Desktop\project_new\semantic-photo-intelligence\data\images\unsplash\-QGe504tURw.jpg,cats
WJ6fmN1D-h0,C:\Users\aryan\OneDrive\Desktop\project_new\semantic-photo-intelligence\data\images\unsplash\WJ6fmN1D-h0.jpg,cats
GynPMVp2ki0,C:\Users\aryan\OneDrive\Desktop\project_new\semantic-photo-intelligence\data\images\unsplash\GynPMVp2ki0.jpg,cats
f-E5jielqNM,C:\Users\aryan\OneDrive\Desktop\project_new\semantic-photo-intelligence\data\images\unsplash\f-E5jielqNM.jpg,cats
KD8jKVdCFoQ,C:\Users\aryan\OneDrive\Desktop\project_new\semantic-photo-intelligence\data\images\unsplash\KD8jKVdCFoQ.jpg,cats
J40C1k6Fut0,C:\Users\aryan\OneDrive\Desktop\project_new\semantic-photo-intelligence\data\images\unsplash\J40C1k6Fut0.jpg,cats
JiMenx-vBL8,C:\Users\aryan\OneDrive\Desktop\project_new\semantic-photo-intelligence\data\images\unsplash\JiMenx-vBL8.jpg,cats
vSZLXMwUGBg,C:\Users\aryan\OneDrive\Desktop\project_new\semantic-photo-intelligence\data\images\unsplash\vSZLXMwUGBg.jpg,cats
EmkYXk0qyMg,C:\Users\aryan\OneDrive\Desktop\project_new\semantic-photo-intelligence\data\images\unsplash\EmkYXk0qyMg.jpg,cats
uM172wj3tMk,C:\Users\aryan\OneDrive\Desktop\project_new\semantic-photo-intelligence\data\images\unsplash\uM172wj3tMk.jpg,cats
9oOngqsMlQc,C:\Users\aryan\OneDrive\Desktop\project_new\semantic-photo-intelligence\data\images\unsplash\9oOngqsMlQc.jpg,cats
uYcEkcREK7E,C:\Users\aryan\OneDrive\Desktop\project_new\semantic-photo-intelligence\data\images\unsplash\uYcEkcREK7E.jpg,cats
NjSa_0q3Hkg,C:\Users\aryan\OneDrive\Desktop\project_new\semantic-photo-intelligence\data\images\unsplash\NjSa_0q3Hkg.jpg,cats
BSQHIhekyaI,C:\Users\aryan\OneDrive\Desktop\project_new\semantic-photo-intelligence\data\images\unsplash\BSQHIhekyaI.jpg,cats
Cwk4lprGKbk,C:\Users\aryan\OneDrive\Desktop\project_new\semantic-photo-intelligence\data\images\unsplash\Cwk4lprGKbk.jpg,cats
kv07HeayuCs,C:\Users\aryan\OneDrive\Desktop\project_new\semantic-photo-intelligence\data\images\unsplash\kv07HeayuCs.jpg,cats
ZzxaWk4vKuk,C:\Users\aryan\OneDrive\Desktop\project_new\semantic-photo-intelligence\data\images\unsplash\ZzxaWk4vKuk.jpg,cats
y9DcT_iMkI0,C:\Users\aryan\OneDrive\Desktop\project_new\semantic-photo-intelligence\data\images\unsplash\y9DcT_iMkI0.jpg,cats
P1x3b24K_Pw,C:\Users\aryan\OneDrive\Desktop\project_new\semantic-photo-intelligence\data\images\unsplash\P1x3b24K_Pw.jpg,cats
HYxf3bxJ_9U,C:\Users\aryan\OneDrive\Desktop\project_new\semantic-photo-intelligence\data\images\unsplash\HYxf3bxJ_9U.jpg,cats
Geq2WJvDzlM,C:\Users\aryan\OneDrive\Desktop\project_new\semantic-photo-intelligence\data\images\unsplash\Geq2WJvDzlM.jpg,cats
g2FtlFrc164,C:\Users\aryan\OneDrive\Desktop\project_new\semantic-photo-intelligence\data\images\unsplash\g2FtlFrc164.jpg,cats
agM0Zmn5Ys4,C:\Users\aryan\OneDrive\Desktop\project_new\semantic-photo-intelligence\data\images\unsplash\agM0Zmn5Ys4.jpg,cats
Xkr2GQ6UrjA,C:\Users\aryan\OneDrive\Desktop\project_new\semantic-photo-intelligence\data\images\unsplash\Xkr2GQ6UrjA.jpg,cats
w6tMRf7kGLA,C:\Users\aryan\OneDrive\Desktop\project_new\semantic-photo-intelligence\data\images\unsplash\w6tMRf7kGLA.jpg,cats
kwEIP4ifUsg,C:\Users\aryan\OneDrive\Desktop\project_new\semantic-photo-intelligence\data\images\unsplash\kwEIP4ifUsg.jpg,cats
mN-_5ZQAt3M,C:\Users\aryan\OneDrive\Desktop\project_new\semantic-photo-intelligence\data\images\unsplash\mN-_5ZQAt3M.jpg,cats
fk4tiMlDFF0,C:\Users\aryan\OneDrive\Desktop\project_new\semantic-photo-intelligence\data\images\unsplash\fk4tiMlDFF0.jpg,cats
XiHyfOKmDIs,C:\Users\aryan\OneDrive\Desktop\project_new\semantic-photo-intelligence\data\images\unsplash\XiHyfOKmDIs.jpg,cats
sDpmnfv-KRk,C:\Users\aryan\OneDrive\Desktop\project_new\semantic-photo-intelligence\data\images\unsplash\sDpmnfv-KRk.jpg,cats
1nNJ9-XFMpk,C:\Users\aryan\OneDrive\Desktop\project_new\semantic-photo-intelligence\data\images\unsplash\1nNJ9-XFMpk.jpg,cats
mKWKbHZaN-0,C:\Users\aryan\OneDrive\Desktop\project_new\semantic-photo-intelligence\data\images\unsplash\mKWKbHZaN-0.jpg,cats
hTRX57jELi0,C:\Users\aryan\OneDrive\Desktop\project_new\semantic-photo-intelligence\data\images\unsplash\hTRX57jELi0.jpg,cats
7RjuH1Vk2Cg,C:\Users\aryan\OneDrive\Desktop\project_new\semantic-photo-intelligence\data\images\unsplash\7RjuH1Vk2Cg.jpg,cats
sIfJN_R8TPs,C:\Users\aryan\OneDrive\Desktop\project_new\semantic-photo-intelligence\data\images\unsplash\sIfJN_R8TPs.jpg,cats
bxvrvRNxksg,C:\Users\aryan\OneDrive\Desktop\project_new\semantic-photo-intelligence\data\images\unsplash\bxvrvRNxksg.jpg,cats
jUsuh8ZZyNo,C:\Users\aryan\OneDrive\Desktop\project_new\semantic-photo-intelligence\data\images\unsplash\jUsuh8ZZyNo.jpg,cats
9vX8cag3-_I,C:\Users\aryan\OneDrive\Desktop\project_new\semantic-photo-intelligence\data\images\unsplash\9vX8cag3-_I.jpg,cats
riJf5f-SSaI,C:\Users\aryan\OneDrive\Desktop\project_new\semantic-photo-intelligence\data\images\unsplash\riJf5f-SSaI.jpg,cats
7ALrGfHusf4,C:\Users\aryan\OneDrive\Desktop\project_new\semantic-photo-intelligence\data\images\unsplash\7ALrGfHusf4.jpg,cats
MRpemXy7GeM,C:\Users\aryan\OneDrive\Desktop\project_new\semantic-photo-intelligence\data\images\unsplash\MRpemXy7GeM.jpg,cats
1WhW787C2UE,C:\Users\aryan\OneDrive\Desktop\project_new\semantic-photo-intelligence\data\images\unsplash\1WhW787C2UE.jpg,cats
-RTT_sBji8U,C:\Users\aryan\OneDrive\Desktop\project_new\semantic-photo-intelligence\data\images\unsplash\-RTT_sBji8U.jpg,cats
75715CVEJhI,C:\Users\aryan\OneDrive\Desktop\project_new\semantic-photo-intelligence\data\images\unsplash\75715CVEJhI.jpg,cats
ZlQM5cgi4u4,C:\Users\aryan\OneDrive\Desktop\project_new\semantic-photo-intelligence\data\images\unsplash\ZlQM5cgi4u4.jpg,cats
5J-yzBqARMk,C:\Users\aryan\OneDrive\Desktop\project_new\semantic-photo-intelligence\data\images\unsplash\5J-yzBqARMk.jpg,cats
rMhBcdCSh0Y,C:\Users\aryan\OneDrive\Desktop\project_new\semantic-photo-intelligence\data\images\unsplash\rMhBcdCSh0Y.jpg,cats
KzkG73OANzc,C:\Users\aryan\OneDrive\Desktop\project_new\semantic-photo-intelligence\data\images\unsplash\KzkG73OANzc.jpg,cats
Pkb5_XBteRA,C:\Users\aryan\OneDrive\Desktop\project_new\semantic-photo-intelligence\data\images\unsplash\Pkb5_XBteRA.jpg,cats
SFKAoY5scVU,C:\Users\aryan\OneDrive\Desktop\project_new\semantic-photo-intelligence\data\images\unsplash\SFKAoY5scVU.jpg,cats
pKnpMFEf50Y,C:\Users\aryan\OneDrive\Desktop\project_new\semantic-photo-intelligence\data\images\unsplash\pKnpMFEf50Y.jpg,cats
O15BJmAAQsY,C:\Users\aryan\OneDrive\Desktop\project_new\semantic-photo-intelligence\data\images\unsplash\O15BJmAAQsY.jpg,cats
Xwx6eYL2_H8,C:\Users\aryan\OneDrive\Desktop\project_new\semantic-photo-intelligence\data\images\unsplash\Xwx6eYL2_H8.jpg,cats
HKn3U7bSXsQ,C:\Users\aryan\OneDrive\Desktop\project_new\semantic-photo-intelligence\data\images\unsplash\HKn3U7bSXsQ.jpg,cats
NX1FE9GFUhg,C:\Users\aryan\OneDrive\Desktop\project_new\semantic-photo-intelligence\data\images\unsplash\NX1FE9GFUhg.jpg,cats
psPEo8Cgh7U,C:\Users\aryan\OneDrive\Desktop\project_new\semantic-photo-intelligence\data\images\unsplash\psPEo8Cgh7U.jpg,cats
2JDwm7vNTTg,C:\Users\aryan\OneDrive\Desktop\project_new\semantic-photo-intelligence\data\images\unsplash\2JDwm7vNTTg.jpg,cats
_Jsde7RXd3o,C:\Users\aryan\OneDrive\Desktop\project_new\semantic-photo-intelligence\data\images\unsplash\_Jsde7RXd3o.jpg,cats
G21-GaAZrrs,C:\Users\aryan\OneDrive\Desktop\project_new\semantic-photo-intelligence\data\images\unsplash\G21-GaAZrrs.jpg,cats
PiZE371EmHc,C:\Users\aryan\OneDrive\Desktop\project_new\semantic-photo-intelligence\data\images\unsplash\PiZE371EmHc.jpg,cats
MxzI8hI1Asg,C:\Users\aryan\OneDrive\Desktop\project_new\semantic-photo-intelligence\data\images\unsplash\MxzI8hI1Asg.jpg,cats
plyCLMpXnAU,C:\Users\aryan\OneDrive\Desktop\project_new\semantic-photo-intelligence\data\images\unsplash\plyCLMpXnAU.jpg,cats
pesu5W2yXmQ,C:\Users\aryan\OneDrive\Desktop\project_new\semantic-photo-intelligence\data\images\unsplash\pesu5W2yXmQ.jpg,cats
fnGvAwUNNUM,C:\Users\aryan\OneDrive\Desktop\project_new\semantic-photo-intelligence\data\images\unsplash\fnGvAwUNNUM.jpg,cats
aJSIs1bUyqU,C:\Users\aryan\OneDrive\Desktop\project_new\semantic-photo-intelligence\data\images\unsplash\aJSIs1bUyqU.jpg,cats
iZoB9tBHJfc,C:\Users\aryan\OneDrive\Desktop\project_new\semantic-photo-intelligence\data\images\unsplash\iZoB9tBHJfc.jpg,cats
hFGWIHLTYhs,C:\Users\aryan\OneDrive\Desktop\project_new\semantic-photo-intelligence\data\images\unsplash\hFGWIHLTYhs.jpg,cats
9yvADFNcXOc,C:\Users\aryan\OneDrive\Desktop\project_new\semantic-photo-intelligence\data\images\unsplash\9yvADFNcXOc.jpg,cats
znpY1tAN8Nk,C:\Users\aryan\OneDrive\Desktop\project_new\semantic-photo-intelligence\data\images\unsplash\znpY1tAN8Nk.jpg,cats
_AHEpAdR8Xo,C:\Users\aryan\OneDrive\Desktop\project_new\semantic-photo-intelligence\data\images\unsplash\_AHEpAdR8Xo.jpg,cats
7pzWbaRKC0A,C:\Users\aryan\OneDrive\Desktop\project_new\semantic-photo-intelligence\data\images\unsplash\7pzWbaRKC0A.jpg,cats
FCuJ_bVjrrs,C:\Users\aryan\OneDrive\Desktop\project_new\semantic-photo-intelligence\data\images\unsplash\FCuJ_bVjrrs.jpg,cats
DxSls2bejLQ,C:\Users\aryan\OneDrive\Desktop\project_new\semantic-photo-intelligence\data\images\unsplash\DxSls2bejLQ.jpg,cats
LxsvSsTeIUQ,C:\Users\aryan\OneDrive\Desktop\project_new\semantic-photo-intelligence\data\images\unsplash\LxsvSsTeIUQ.jpg,cats
Hbwe1RcpyU0,C:\Users\aryan\OneDrive\Desktop\project_new\semantic-photo-intelligence\data\images\unsplash\Hbwe1RcpyU0.jpg,cats
3p528N2QWDg,C:\Users\aryan\OneDrive\Desktop\project_new\semantic-photo-intelligence\data\images\unsplash\3p528N2QWDg.jpg,cats
JtSI04pKj94,C:\Users\aryan\OneDrive\Desktop\project_new\semantic-photo-intelligence\data\images\unsplash\JtSI04pKj94.jpg,cats
xljjB3E2C5M,C:\Users\aryan\OneDrive\Desktop\project_new\semantic-photo-intelligence\data\images\unsplash\xljjB3E2C5M.jpg,cats
LqVDXObLTlk,C:\Users\aryan\OneDrive\Desktop\project_new\semantic-photo-intelligence\data\images\unsplash\LqVDXObLTlk.jpg,cats
7ZiG0-YeFjU,C:\Users\aryan\OneDrive\Desktop\project_new\semantic-photo-intelligence\data\images\unsplash\7ZiG0-YeFjU.jpg,cats
qCl04BEIp04,C:\Users\aryan\OneDrive\Desktop\project_new\semantic-photo-intelligence\data\images\unsplash\qCl04BEIp04.jpg,cats
Df0fD6hWyro,C:\Users\aryan\OneDrive\Desktop\project_new\semantic-photo-intelligence\data\images\unsplash\Df0fD6hWyro.jpg,cats
Ji-W5tGH6MU,C:\Users\aryan\OneDrive\Desktop\project_new\semantic-photo-intelligence\data\images\unsplash\Ji-W5tGH6MU.jpg,cats
OVWn1sbGIYQ,C:\Users\aryan\OneDrive\Desktop\project_new\semantic-photo-intelligence\data\images\unsplash\OVWn1sbGIYQ.jpg,cats
q76zzot5w14,C:\Users\aryan\OneDrive\Desktop\project_new\semantic-photo-intelligence\data\images\unsplash\q76zzot5w14.jpg,cats
c8yq39WBu3I,C:\Users\aryan\OneDrive\Desktop\project_new\semantic-photo-intelligence\data\images\unsplash\c8yq39WBu3I.jpg,cats
sToenEp42P8,C:\Users\aryan\OneDrive\Desktop\project_new\semantic-photo-intelligence\data\images\unsplash\sToenEp42P8.jpg,cats
_M7BGSi_aRQ,C:\Users\aryan\OneDrive\Desktop\project_new\semantic-photo-intelligence\data\images\unsplash\_M7BGSi_aRQ.jpg,cats
QDqZswbvIMg,C:\Users\aryan\OneDrive\Desktop\project_new\semantic-photo-intelligence\data\images\unsplash\QDqZswbvIMg.jpg,cats
Iiy654cDCrg,C:\Users\aryan\OneDrive\Desktop\project_new\semantic-photo-intelligence\data\images\unsplash\Iiy654cDCrg.jpg,cats
yA_nMH_XjP0,C:\Users\aryan\OneDrive\Desktop\project_new\semantic-photo-intelligence\data\images\unsplash\yA_nMH_XjP0.jpg,cats
lSwleWcgPg4,C:\Users\aryan\OneDrive\Desktop\project_new\semantic-photo-intelligence\data\images\unsplash\lSwleWcgPg4.jpg,cats
zcDXfKNAMHc,C:\Users\aryan\OneDrive\Desktop\project_new\semantic-photo-intelligence\data\images\unsplash\zcDXfKNAMHc.jpg,cats
-Iuvtg9nb3E,C:\Users\aryan\OneDrive\Desktop\project_new\semantic-photo-intelligence\data\images\unsplash\-Iuvtg9nb3E.jpg,cats
8wa0FtaInOQ,C:\Users\aryan\OneDrive\Desktop\project_new\semantic-photo-intelligence\data\images\unsplash\8wa0FtaInOQ.jpg,cats
h4tqDY_M5Vs,C:\Users\aryan\OneDrive\Desktop\project_new\semantic-photo-intelligence\data\images\unsplash\h4tqDY_M5Vs.jpg,cats
3kYQF-XTzL4,C:\Users\aryan\OneDrive\Desktop\project_new\semantic-photo-intelligence\data\images\unsplash\3kYQF-XTzL4.jpg,cats
Onn0IShZYPQ,C:\Users\aryan\OneDrive\Desktop\project_new\semantic-photo-intelligence\data\images\unsplash\Onn0IShZYPQ.jpg,airplanes
qcMR_rcmgT8,C:\Users\aryan\OneDrive\Desktop\project_new\semantic-photo-intelligence\data\images\unsplash\qcMR_rcmgT8.jpg,airplanes
3Aa3VMvyss8,C:\Users\aryan\OneDrive\Desktop\project_new\semantic-photo-intelligence\data\images\unsplash\3Aa3VMvyss8.jpg,airplanes
-TQUERQGUZ8,C:\Users\aryan\OneDrive\Desktop\project_new\semantic-photo-intelligence\data\images\unsplash\-TQUERQGUZ8.jpg,airplanes
QqEhqTsdvpw,C:\Users\aryan\OneDrive\Desktop\project_new\semantic-photo-intelligence\data\images\unsplash\QqEhqTsdvpw.jpg,airplanes
1HNbDcffisQ,C:\Users\aryan\OneDrive\Desktop\project_new\semantic-photo-intelligence\data\images\unsplash\1HNbDcffisQ.jpg,airplanes
ZOZXvEkCSzo,C:\Users\aryan\OneDrive\Desktop\project_new\semantic-photo-intelligence\data\images\unsplash\ZOZXvEkCSzo.jpg,airplanes
lhZGjxOj9uw,C:\Users\aryan\OneDrive\Desktop\project_new\semantic-photo-intelligence\data\images\unsplash\lhZGjxOj9uw.jpg,airplanes
HwQlPnLtaN4,C:\Users\aryan\OneDrive\Desktop\project_new\semantic-photo-intelligence\data\images\unsplash\HwQlPnLtaN4.jpg,airplanes
y2FApfBHgh0,C:\Users\aryan\OneDrive\Desktop\project_new\semantic-photo-intelligence\data\images\unsplash\y2FApfBHgh0.jpg,airplanes
DM8uHVut4Ig,C:\Users\aryan\OneDrive\Desktop\project_new\semantic-photo-intelligence\data\images\unsplash\DM8uHVut4Ig.jpg,airplanes
exoixOPKUBk,C:\Users\aryan\OneDrive\Desktop\project_new\semantic-photo-intelligence\data\images\unsplash\exoixOPKUBk.jpg,airplanes
iVRwHrnnwqI,C:\Users\aryan\OneDrive\Desktop\project_new\semantic-photo-intelligence\data\images\unsplash\iVRwHrnnwqI.jpg,airplanes
pPksiRlyoLA,C:\Users\aryan\OneDrive\Desktop\project_new\semantic-photo-intelligence\data\images\unsplash\pPksiRlyoLA.jpg,airplanes
MWHuc4Svjm4,C:\Users\aryan\OneDrive\Desktop\project_new\semantic-photo-intelligence\data\images\unsplash\MWHuc4Svjm4.jpg,airplanes
Cuiw-5VFlZw,C:\Users\aryan\OneDrive\Desktop\project_new\semantic-photo-intelligence\data\images\unsplash\Cuiw-5VFlZw.jpg,airplanes
2Lt00BcNrhw,C:\Users\aryan\OneDrive\Desktop\project_new\semantic-photo-intelligence\data\images\unsplash\2Lt00BcNrhw.jpg,airplanes
0-YbTNu0xtY,C:\Users\aryan\OneDrive\Desktop\project_new\semantic-photo-intelligence\data\images\unsplash\0-YbTNu0xtY.jpg,airplanes
edk2jsCYOq0,C:\Users\aryan\OneDrive\Desktop\project_new\semantic-photo-intelligence\data\images\unsplash\edk2jsCYOq0.jpg,airplanes
HC_GNJS6akI,C:\Users\aryan\OneDrive\Desktop\project_new\semantic-photo-intelligence\data\images\unsplash\HC_GNJS6akI.jpg,airplanes
xHfr8TdVkxc,C:\Users\aryan\OneDrive\Desktop\project_new\semantic-photo-intelligence\data\images\unsplash\xHfr8TdVkxc.jpg,airplanes
qmjGmLB0nOc,C:\Users\aryan\OneDrive\Desktop\project_new\semantic-photo-intelligence\data\images\unsplash\qmjGmLB0nOc.jpg,airplanes
hr6F8_6c8F0,C:\Users\aryan\OneDrive\Desktop\project_new\semantic-photo-intelligence\data\images\unsplash\hr6F8_6c8F0.jpg,airplanes
c89DHjtDkkc,C:\Users\aryan\OneDrive\Desktop\project_new\semantic-photo-intelligence\data\images\unsplash\c89DHjtDkkc.jpg,airplanes
L-fsASSJ29c,C:\Users\aryan\OneDrive\Desktop\project_new\semantic-photo-intelligence\data\images\unsplash\L-fsASSJ29c.jpg,airplanes
20lVo5yj2l0,C:\Users\aryan\OneDrive\Desktop\project_new\semantic-photo-intelligence\data\images\unsplash\20lVo5yj2l0.jpg,airplanes
_SMGQ74kB3c,C:\Users\aryan\OneDrive\Desktop\project_new\semantic-photo-intelligence\data\images\unsplash\_SMGQ74kB3c.jpg,airplanes
ZW3dnRiZD9U,C:\Users\aryan\OneDrive\Desktop\project_new\semantic-photo-intelligence\data\images\unsplash\ZW3dnRiZD9U.jpg,airplanes
IReJyXjHAw8,C:\Users\aryan\OneDrive\Desktop\project_new\semantic-photo-intelligence\data\images\unsplash\IReJyXjHAw8.jpg,airplanes
hk58fkOkAA4,C:\Users\aryan\OneDrive\Desktop\project_new\semantic-photo-intelligence\data\images\unsplash\hk58fkOkAA4.jpg,airplanes
m94kn8Rp61Q,C:\Users\aryan\OneDrive\Desktop\project_new\semantic-photo-intelligence\data\images\unsplash\m94kn8Rp61Q.jpg,airplanes
PRuY4ZwLPTM,C:\Users\aryan\OneDrive\Desktop\project_new\semantic-photo-intelligence\data\images\unsplash\PRuY4ZwLPTM.jpg,airplanes
fHXP17AxOEk,C:\Users\aryan\OneDrive\Desktop\project_new\semantic-photo-intelligence\data\images\unsplash\fHXP17AxOEk.jpg,airplanes
Q4BFgLwOyYA,C:\Users\aryan\OneDrive\Desktop\project_new\semantic-photo-intelligence\data\images\unsplash\Q4BFgLwOyYA.jpg,airplanes
aHFi-CXMzuI,C:\Users\aryan\OneDrive\Desktop\project_new\semantic-photo-intelligence\data\images\unsplash\aHFi-CXMzuI.jpg,airplanes
Bxwi4zf1vhs,C:\Users\aryan\OneDrive\Desktop\project_new\semantic-photo-intelligence\data\images\unsplash\Bxwi4zf1vhs.jpg,airplanes
s5WmKAt6Dl0,C:\Users\aryan\OneDrive\Desktop\project_new\semantic-photo-intelligence\data\images\unsplash\s5WmKAt6Dl0.jpg,airplanes
fOym39PkhL8,C:\Users\aryan\OneDrive\Desktop\project_new\semantic-photo-intelligence\data\images\unsplash\fOym39PkhL8.jpg,airplanes
c3QSnvEPS-0,C:\Users\aryan\OneDrive\Desktop\project_new\semantic-photo-intelligence\data\images\unsplash\c3QSnvEPS-0.jpg,airplanes
p2ndr_u5XWs,C:\Users\aryan\OneDrive\Desktop\project_new\semantic-photo-intelligence\data\images\unsplash\p2ndr_u5XWs.jpg,airplanes
gY13Bmr1obc,C:\Users\aryan\OneDrive\Desktop\project_new\semantic-photo-intelligence\data\images\unsplash\gY13Bmr1obc.jpg,airplanes
4FCjiyUjtuc,C:\Users\aryan\OneDrive\Desktop\project_new\semantic-photo-intelligence\data\images\unsplash\4FCjiyUjtuc.jpg,airplanes
hkmiiz2C3ts,C:\Users\aryan\OneDrive\Desktop\project_new\semantic-photo-intelligence\data\images\unsplash\hkmiiz2C3ts.jpg,airplanes
oaLeYejitsU,C:\Users\aryan\OneDrive\Desktop\project_new\semantic-photo-intelligence\data\images\unsplash\oaLeYejitsU.jpg,airplanes
FeXfDfmxNmU,C:\Users\aryan\OneDrive\Desktop\project_new\semantic-photo-intelligence\data\images\unsplash\FeXfDfmxNmU.jpg,airplanes
mIjdey1X2lk,C:\Users\aryan\OneDrive\Desktop\project_new\semantic-photo-intelligence\data\images\unsplash\mIjdey1X2lk.jpg,airplanes
oA6g04auPyk,C:\Users\aryan\OneDrive\Desktop\project_new\semantic-photo-intelligence\data\images\unsplash\oA6g04auPyk.jpg,airplanes
i4IGqr0z-ks,C:\Users\aryan\OneDrive\Desktop\project_new\semantic-photo-intelligence\data\images\unsplash\i4IGqr0z-ks.jpg,airplanes
MaeshPdBGV4,C:\Users\aryan\OneDrive\Desktop\project_new\semantic-photo-intelligence\data\images\unsplash\MaeshPdBGV4.jpg,airplanes
gQz9xC-H-6g,C:\Users\aryan\OneDrive\Desktop\project_new\semantic-photo-intelligence\data\images\unsplash\gQz9xC-H-6g.jpg,airplanes
Le1JlDtVi2Q,C:\Users\aryan\OneDrive\Desktop\project_new\semantic-photo-intelligence\data\images\unsplash\Le1JlDtVi2Q.jpg,airplanes
eGONyR28dwk,C:\Users\aryan\OneDrive\Desktop\project_new\semantic-photo-intelligence\data\images\unsplash\eGONyR28dwk.jpg,airplanes
XY-ZbkdJBqY,C:\Users\aryan\OneDrive\Desktop\project_new\semantic-photo-intelligence\data\images\unsplash\XY-ZbkdJBqY.jpg,airplanes
VeD6dRilFkE,C:\Users\aryan\OneDrive\Desktop\project_new\semantic-photo-intelligence\data\images\unsplash\VeD6dRilFkE.jpg,airplanes
S1iShd9xmMo,C:\Users\aryan\OneDrive\Desktop\project_new\semantic-photo-intelligence\data\images\unsplash\S1iShd9xmMo.jpg,airplanes
sHO5UXoKyxw,C:\Users\aryan\OneDrive\Desktop\project_new\semantic-photo-intelligence\data\images\unsplash\sHO5UXoKyxw.jpg,airplanes
DCZGNIZjz_Q,C:\Users\aryan\OneDrive\Desktop\project_new\semantic-photo-intelligence\data\images\unsplash\DCZGNIZjz_Q.jpg,airplanes
uZMp00CaiPA,C:\Users\aryan\OneDrive\Desktop\project_new\semantic-photo-intelligence\data\images\unsplash\uZMp00CaiPA.jpg,airplanes
iUXV1d_1EAo,C:\Users\aryan\OneDrive\Desktop\project_new\semantic-photo-intelligence\data\images\unsplash\iUXV1d_1EAo.jpg,airplanes
TJhtVG47qyM,C:\Users\aryan\OneDrive\Desktop\project_new\semantic-photo-intelligence\data\images\unsplash\TJhtVG47qyM.jpg,airplanes
kIUT73ix6W4,C:\Users\aryan\OneDrive\Desktop\project_new\semantic-photo-intelligence\data\images\unsplash\kIUT73ix6W4.jpg,airplanes
Xe56XEzC2Gc,C:\Users\aryan\OneDrive\Desktop\project_new\semantic-photo-intelligence\data\images\unsplash\Xe56XEzC2Gc.jpg,airplanes
5aWCPG8zlJQ,C:\Users\aryan\OneDrive\Desktop\project_new\semantic-photo-intelligence\data\images\unsplash\5aWCPG8zlJQ.jpg,airplanes
RdoyDRR17cA,C:\Users\aryan\OneDrive\Desktop\project_new\semantic-photo-intelligence\data\images\unsplash\RdoyDRR17cA.jpg,airplanes
ZVDyT7K39G0,C:\Users\aryan\OneDrive\Desktop\project_new\semantic-photo-intelligence\data\images\unsplash\ZVDyT7K39G0.jpg,airplanes
OueojWSe66o,C:\Users\aryan\OneDrive\Desktop\project_new\semantic-photo-intelligence\data\images\unsplash\OueojWSe66o.jpg,airplanes
eypeNHaLfPc,C:\Users\aryan\OneDrive\Desktop\project_new\semantic-photo-intelligence\data\images\unsplash\eypeNHaLfPc.jpg,airplanes
WTtm2pAIdjE,C:\Users\aryan\OneDrive\Desktop\project_new\semantic-photo-intelligence\data\images\unsplash\WTtm2pAIdjE.jpg,airplanes
W8A9ESTZ3x8,C:\Users\aryan\OneDrive\Desktop\project_new\semantic-photo-intelligence\data\images\unsplash\W8A9ESTZ3x8.jpg,airplanes
P6s8EbcSgmA,C:\Users\aryan\OneDrive\Desktop\project_new\semantic-photo-intelligence\data\images\unsplash\P6s8EbcSgmA.jpg,airplanes
ULuNCCJj3pg,C:\Users\aryan\OneDrive\Desktop\project_new\semantic-photo-intelligence\data\images\unsplash\ULuNCCJj3pg.jpg,airplanes
5lOZsKQlOG0,C:\Users\aryan\OneDrive\Desktop\project_new\semantic-photo-intelligence\data\images\unsplash\5lOZsKQlOG0.jpg,airplanes
1b3Ix12HlkM,C:\Users\aryan\OneDrive\Desktop\project_new\semantic-photo-intelligence\data\images\unsplash\1b3Ix12HlkM.jpg,airplanes
Dmrwsnx7-Hk,C:\Users\aryan\OneDrive\Desktop\project_new\semantic-photo-intelligence\data\images\unsplash\Dmrwsnx7-Hk.jpg,airplanes
Qv8NgYRjSn4,C:\Users\aryan\OneDrive\Desktop\project_new\semantic-photo-intelligence\data\images\unsplash\Qv8NgYRjSn4.jpg,airplanes
s79i3mBakbU,C:\Users\aryan\OneDrive\Desktop\project_new\semantic-photo-intelligence\data\images\unsplash\s79i3mBakbU.jpg,airplanes
gC-D2J14si8,C:\Users\aryan\OneDrive\Desktop\project_new\semantic-photo-intelligence\data\images\unsplash\gC-D2J14si8.jpg,airplanes
ywiAen4L4qA,C:\Users\aryan\OneDrive\Desktop\project_new\semantic-photo-intelligence\data\images\unsplash\ywiAen4L4qA.jpg,airplanes
Cl7lquNcRLg,C:\Users\aryan\OneDrive\Desktop\project_new\semantic-photo-intelligence\data\images\unsplash\Cl7lquNcRLg.jpg,airplanes
4wUog-sdP0g,C:\Users\aryan\OneDrive\Desktop\project_new\semantic-photo-intelligence\data\images\unsplash\4wUog-sdP0g.jpg,airplanes
a2kD4b0KK4s,C:\Users\aryan\OneDrive\Desktop\project_new\semantic-photo-intelligence\data\images\unsplash\a2kD4b0KK4s.jpg,airplanes
qsLHnuMUR1k,C:\Users\aryan\OneDrive\Desktop\project_new\semantic-photo-intelligence\data\images\unsplash\qsLHnuMUR1k.jpg,airplanes
EjTQKin2Z2s,C:\Users\aryan\OneDrive\Desktop\project_new\semantic-photo-intelligence\data\images\unsplash\EjTQKin2Z2s.jpg,airplanes
Bgv7QBQ9rz4,C:\Users\aryan\OneDrive\Desktop\project_new\semantic-photo-intelligence\data\images\unsplash\Bgv7QBQ9rz4.jpg,airplanes
UkiFIZQk-7Q,C:\Users\aryan\OneDrive\Desktop\project_new\semantic-photo-intelligence\data\images\unsplash\UkiFIZQk-7Q.jpg,airplanes
tqw3QPsVQds,C:\Users\aryan\OneDrive\Desktop\project_new\semantic-photo-intelligence\data\images\unsplash\tqw3QPsVQds.jpg,airplanes
DkbWmcQIl3A,C:\Users\aryan\OneDrive\Desktop\project_new\semantic-photo-intelligence\data\images\unsplash\DkbWmcQIl3A.jpg,airplanes
6AY25rODp1U,C:\Users\aryan\OneDrive\Desktop\project_new\semantic-photo-intelligence\data\images\unsplash\6AY25rODp1U.jpg,airplanes
nufybs_HQKc,C:\Users\aryan\OneDrive\Desktop\project_new\semantic-photo-intelligence\data\images\unsplash\nufybs_HQKc.jpg,airplanes
MjovRKTi9EE,C:\Users\aryan\OneDrive\Desktop\project_new\semantic-photo-intelligence\data\images\unsplash\MjovRKTi9EE.jpg,airplanes
QGGflC3gIzU,C:\Users\aryan\OneDrive\Desktop\project_new\semantic-photo-intelligence\data\images\unsplash\QGGflC3gIzU.jpg,airplanes
njpwZMNL9TM,C:\Users\aryan\OneDrive\Desktop\project_new\semantic-photo-intelligence\data\images\unsplash\njpwZMNL9TM.jpg,airplanes
NWpT17CjMR0,C:\Users\aryan\OneDrive\Desktop\project_new\semantic-photo-intelligence\data\images\unsplash\NWpT17CjMR0.jpg,airplanes
5fsZ4ocgnpU,C:\Users\aryan\OneDrive\Desktop\project_new\semantic-photo-intelligence\data\images\unsplash\5fsZ4ocgnpU.jpg,airplanes
EvhqwfM3LIo,C:\Users\aryan\OneDrive\Desktop\project_new\semantic-photo-intelligence\data\images\unsplash\EvhqwfM3LIo.jpg,airplanes
mSkgsX7TDdk,C:\Users\aryan\OneDrive\Desktop\project_new\semantic-photo-intelligence\data\images\unsplash\mSkgsX7TDdk.jpg,airplanes
sB0vomvHU54,C:\Users\aryan\OneDrive\Desktop\project_new\semantic-photo-intelligence\data\images\unsplash\sB0vomvHU54.jpg,airplanes
T5OVioD8WH8,C:\Users\aryan\OneDrive\Desktop\project_new\semantic-photo-intelligence\data\images\unsplash\T5OVioD8WH8.jpg,airplanes
t7YycgAoVSw,C:\Users\aryan\OneDrive\Desktop\project_new\semantic-photo-intelligence\data\images\unsplash\t7YycgAoVSw.jpg,airplanes
x5LRxIZ5Lqk,C:\Users\aryan\OneDrive\Desktop\project_new\semantic-photo-intelligence\data\images\unsplash\x5LRxIZ5Lqk.jpg,airplanes
