group_id,photo_id,path,angle_label,is_representative
1,90__none__210182,C:\Users\aryan\OneDrive\Desktop\project_new\semantic-photo-intelligence\car_angle_dataset\90\210182.jpeg,90,True
1,90__none__333231,C:\Users\aryan\OneDrive\Desktop\project_new\semantic-photo-intelligence\car_angle_dataset\90\333231.jpeg,90,False
2,270__none__383812,C:\Users\aryan\OneDrive\Desktop\project_new\semantic-photo-intelligence\car_angle_dataset\270\383812.jpeg,270,False
2,270__none__362786,C:\Users\aryan\OneDrive\Desktop\project_new\semantic-photo-intelligence\car_angle_dataset\270\362786.jpeg,270,True
3,0__none__483195,C:\Users\aryan\OneDrive\Desktop\project_new\semantic-photo-intelligence\car_angle_dataset\0\483195.jpeg,0,False
3,0__none__151766,C:\Users\aryan\OneDrive\Desktop\project_new\semantic-photo-intelligence\car_angle_dataset\0\151766.jpeg,0,False
3,0__none__482812,C:\Users\aryan\OneDrive\Desktop\project_new\semantic-photo-intelligence\car_angle_dataset\0\482812.jpeg,0,False
3,0__none__166831,C:\Users\aryan\OneDrive\Desktop\project_new\semantic-photo-intelligence\car_angle_dataset\0\166831.jpeg,0,False
3,0__none__184558,C:\Users\aryan\OneDrive\Desktop\project_new\semantic-photo-intelligence\car_angle_dataset\0\184558.jpeg,0,False
3,0__none__151112,C:\Users\aryan\OneDrive\Desktop\project_new\semantic-photo-intelligence\car_angle_dataset\0\151112.jpeg,0,False
3,0__none__476941,C:\Users\aryan\OneDrive\Desktop\project_new\semantic-photo-intelligence\car_angle_dataset\0\476941.jpeg,0,False
3,0__none__166823,C:\Users\aryan\OneDrive\Desktop\project_new\semantic-photo-intelligence\car_angle_dataset\0\166823.jpeg,0,False
3,0__none__157699,C:\Users\aryan\OneDrive\Desktop\project_new\semantic-photo-intelligence\car_angle_dataset\0\157699.jpeg,0,False
3,0__none__483054,C:\Users\aryan\OneDrive\Desktop\project_new\semantic-photo-intelligence\car_angle_dataset\0\483054.jpeg,0,False
3,0__none__158102,C:\Users\aryan\OneDrive\Desktop\project_new\semantic-photo-intelligence\car_angle_dataset\0\158102.jpeg,0,False
3,0__none__476964,C:\Users\aryan\OneDrive\Desktop\project_new\semantic-photo-intelligence\car_angle_dataset\0\476964.jpeg,0,False
3,0__none__476802,C:\Users\aryan\OneDrive\Desktop\project_new\semantic-photo-intelligence\car_angle_dataset\0\476802.jpeg,0,False
3,0__none__482649,C:\Users\aryan\OneDrive\Desktop\project_new\semantic-photo-intelligence\car_angle_dataset\0\482649.jpeg,0,False
3,0__none__151097,C:\Users\aryan\OneDrive\Desktop\project_new\semantic-photo-intelligence\car_angle_dataset\0\151097.jpeg,0,True
3,0__none__180801,C:\Users\aryan\OneDrive\Desktop\project_new\semantic-photo-intelligence\car_angle_dataset\0\180801.jpeg,0,False
3,0__none__482670,C:\Users\aryan\OneDrive\Desktop\project_new\semantic-photo-intelligence\car_angle_dataset\0\482670.jpeg,0,False
3,0__none__165305,C:\Users\aryan\OneDrive\Desktop\project_new\semantic-photo-intelligence\car_angle_dataset\0\165305.jpeg,0,False
3,0__none__486954,C:\Users\aryan\OneDrive\Desktop\project_new\semantic-photo-intelligence\car_angle_dataset\0\486954.jpeg,0,False
3,0__none__151165,C:\Users\aryan\OneDrive\Desktop\project_new\semantic-photo-intelligence\car_angle_dataset\0\151165.jpeg,0,False
3,0__none__482968,C:\Users\aryan\OneDrive\Desktop\project_new\semantic-photo-intelligence\car_angle_dataset\0\482968.jpeg,0,False
3,0__none__151157,C:\Users\aryan\OneDrive\Desktop\project_new\semantic-photo-intelligence\car_angle_dataset\0\151157.jpeg,0,False
3,0__none__482982,C:\Users\aryan\OneDrive\Desktop\project_new\semantic-photo-intelligence\car_angle_dataset\0\482982.jpeg,0,False
3,0__none__483082,C:\Users\aryan\OneDrive\Desktop\project_new\semantic-photo-intelligence\car_angle_dataset\0\483082.jpeg,0,False
3,0__none__483095,C:\Users\aryan\OneDrive\Desktop\project_new\semantic-photo-intelligence\car_angle_dataset\0\483095.jpeg,0,False
3,0__none__498691,C:\Users\aryan\OneDrive\Desktop\project_new\semantic-photo-intelligence\car_angle_dataset\0\498691.jpeg,0,False
3,0__none__188293,C:\Users\aryan\OneDrive\Desktop\project_new\semantic-photo-intelligence\car_angle_dataset\0\188293.jpeg,0,False
3,0__none__180482,C:\Users\aryan\OneDrive\Desktop\project_new\semantic-photo-intelligence\car_angle_dataset\0\180482.jpeg,0,False
3,0__none__158160,C:\Users\aryan\OneDrive\Desktop\project_new\semantic-photo-intelligence\car_angle_dataset\0\158160.jpeg,0,False
3,0__none__482645,C:\Users\aryan\OneDrive\Desktop\project_new\semantic-photo-intelligence\car_angle_dataset\0\482645.jpeg,0,False
3,0__none__474922,C:\Users\aryan\OneDrive\Desktop\project_new\semantic-photo-intelligence\car_angle_dataset\0\474922.jpeg,0,False
3,0__none__151776,C:\Users\aryan\OneDrive\Desktop\project_new\semantic-photo-intelligence\car_angle_dataset\0\151776.jpeg,0,False
3,0__none__151142,C:\Users\aryan\OneDrive\Desktop\project_new\semantic-photo-intelligence\car_angle_dataset\0\151142.jpeg,0,False
3,0__none__158057,C:\Users\aryan\OneDrive\Desktop\project_new\semantic-photo-intelligence\car_angle_dataset\0\158057.jpeg,0,False
3,0__none__188041,C:\Users\aryan\OneDrive\Desktop\project_new\semantic-photo-intelligence\car_angle_dataset\0\188041.jpeg,0,False
3,0__none__482192,C:\Users\aryan\OneDrive\Desktop\project_new\semantic-photo-intelligence\car_angle_dataset\0\482192.jpeg,0,False
3,0__none__158079,C:\Users\aryan\OneDrive\Desktop\project_new\semantic-photo-intelligence\car_angle_dataset\0\158079.jpeg,0,False
3,0__none__482802,C:\Users\aryan\OneDrive\Desktop\project_new\semantic-photo-intelligence\car_angle_dataset\0\482802.jpeg,0,False
3,0__none__476799,C:\Users\aryan\OneDrive\Desktop\project_new\semantic-photo-intelligence\car_angle_dataset\0\476799.jpeg,0,False
4,180__none__433887,C:\Users\aryan\OneDrive\Desktop\project_new\semantic-photo-intelligence\car_angle_dataset\180\433887.jpeg,180,False
4,0__none__381844,C:\Users\aryan\OneDrive\Desktop\project_new\semantic-photo-intelligence\car_angle_dataset\0\381844.jpeg,0,False
4,0__none__243100,C:\Users\aryan\OneDrive\Desktop\project_new\semantic-photo-intelligence\car_angle_dataset\0\243100.jpeg,0,False
4,0__none__287252,C:\Users\aryan\OneDrive\Desktop\project_new\semantic-photo-intelligence\car_angle_dataset\0\287252.jpeg,0,False
4,0__none__304183,C:\Users\aryan\OneDrive\Desktop\project_new\semantic-photo-intelligence\car_angle_dataset\0\304183.jpeg,0,False
4,0__none__436282,C:\Users\aryan\OneDrive\Desktop\project_new\semantic-photo-intelligence\car_angle_dataset\0\436282.jpeg,0,False
4,0__none__202727,C:\Users\aryan\OneDrive\Desktop\project_new\semantic-photo-intelligence\car_angle_dataset\0\202727.jpeg,0,False
4,0__none__481368,C:\Users\aryan\OneDrive\Desktop\project_new\semantic-photo-intelligence\car_angle_dataset\0\481368.jpeg,0,False
4,180__none__182104,C:\Users\aryan\OneDrive\Desktop\project_new\semantic-photo-intelligence\car_angle_dataset\180\182104.jpeg,180,False
4,180__none__229072,C:\Users\aryan\OneDrive\Desktop\project_new\semantic-photo-intelligence\car_angle_dataset\180\229072.jpeg,180,False
4,0__none__452633,C:\Users\aryan\OneDrive\Desktop\project_new\semantic-photo-intelligence\car_angle_dataset\0\452633.jpeg,0,False
4,180__none__435349,C:\Users\aryan\OneDrive\Desktop\project_new\semantic-photo-intelligence\car_angle_dataset\180\435349.jpeg,180,False
4,180__none__380110,C:\Users\aryan\OneDrive\Desktop\project_new\semantic-photo-intelligence\car_angle_dataset\180\380110.jpeg,180,False
4,0__none__311833,C:\Users\aryan\OneDrive\Desktop\project_new\semantic-photo-intelligence\car_angle_dataset\0\311833.jpeg,0,False
4,0__none__450865,C:\Users\aryan\OneDrive\Desktop\project_new\semantic-photo-intelligence\car_angle_dataset\0\450865.jpeg,0,False
4,180__none__155330,C:\Users\aryan\OneDrive\Desktop\project_new\semantic-photo-intelligence\car_angle_dataset\180\155330.jpeg,180,False
4,180__none__364560,C:\Users\aryan\OneDrive\Desktop\project_new\semantic-photo-intelligence\car_angle_dataset\180\364560.jpeg,180,False
4,180__none__315734,C:\Users\aryan\OneDrive\Desktop\project_new\semantic-photo-intelligence\car_angle_dataset\180\315734.jpeg,180,False
4,180__none__177199,C:\Users\aryan\OneDrive\Desktop\project_new\semantic-photo-intelligence\car_angle_dataset\180\177199.jpeg,180,False
4,180__none__99869,C:\Users\aryan\OneDrive\Desktop\project_new\semantic-photo-intelligence\car_angle_dataset\180\99869.jpeg,180,False
4,0__none__327760,C:\Users\aryan\OneDrive\Desktop\project_new\semantic-photo-intelligence\car_angle_dataset\0\327760.jpeg,0,False
4,180__none__160256,C:\Users\aryan\OneDrive\Desktop\project_new\semantic-photo-intelligence\car_angle_dataset\180\160256.jpeg,180,False
4,0__none__327965,C:\Users\aryan\OneDrive\Desktop\project_new\semantic-photo-intelligence\car_angle_dataset\0\327965.jpeg,0,False
4,0__none__231630,C:\Users\aryan\OneDrive\Desktop\project_new\semantic-photo-intelligence\car_angle_dataset\0\231630.jpeg,0,False
4,180__none__416933,C:\Users\aryan\OneDrive\Desktop\project_new\semantic-photo-intelligence\car_angle_dataset\180\416933.jpeg,180,False
4,0__none__181491,C:\Users\aryan\OneDrive\Desktop\project_new\semantic-photo-intelligence\car_angle_dataset\0\181491.jpeg,0,False
4,180__none__454108,C:\Users\aryan\OneDrive\Desktop\project_new\semantic-photo-intelligence\car_angle_dataset\180\454108.jpeg,180,False
4,0__none__91681,C:\Users\aryan\OneDrive\Desktop\project_new\semantic-photo-intelligence\car_angle_dataset\0\91681.jpeg,0,False
4,180__none__377783,C:\Users\aryan\OneDrive\Desktop\project_new\semantic-photo-intelligence\car_angle_dataset\180\377783.jpeg,180,False
4,180__none__464347,C:\Users\aryan\OneDrive\Desktop\project_new\semantic-photo-intelligence\car_angle_dataset\180\464347.jpeg,180,False
4,0__none__160886,C:\Users\aryan\OneDrive\Desktop\project_new\semantic-photo-intelligence\car_angle_dataset\0\160886.jpeg,0,False
4,0__none__448063,C:\Users\aryan\OneDrive\Desktop\project_new\semantic-photo-intelligence\car_angle_dataset\0\448063.jpeg,0,False
4,0__none__82214,C:\Users\aryan\OneDrive\Desktop\project_new\semantic-photo-intelligence\car_angle_dataset\0\82214.jpeg,0,False
4,180__none__438858,C:\Users\aryan\OneDrive\Desktop\project_new\semantic-photo-intelligence\car_angle_dataset\180\438858.jpeg,180,False
4,180__none__190998,C:\Users\aryan\OneDrive\Desktop\project_new\semantic-photo-intelligence\car_angle_dataset\180\190998.jpeg,180,False
4,0__none__183777,C:\Users\aryan\OneDrive\Desktop\project_new\semantic-photo-intelligence\car_angle_dataset\0\183777.jpeg,0,False
4,0__none__484429,C:\Users\aryan\OneDrive\Desktop\project_new\semantic-photo-intelligence\car_angle_dataset\0\484429.jpeg,0,False
4,180__none__198276,C:\Users\aryan\OneDrive\Desktop\project_new\semantic-photo-intelligence\car_angle_dataset\180\198276.jpeg,180,False
4,0__none__301275,C:\Users\aryan\OneDrive\Desktop\project_new\semantic-photo-intelligence\car_angle_dataset\0\301275.jpeg,0,False
4,0__none__460407,C:\Users\aryan\OneDrive\Desktop\project_new\semantic-photo-intelligence\car_angle_dataset\0\460407.jpeg,0,False
4,0__none__217929,C:\Users\aryan\OneDrive\Desktop\project_new\semantic-photo-intelligence\car_angle_dataset\0\217929.jpeg,0,False
4,180__none__259454,C:\Users\aryan\OneDrive\Desktop\project_new\semantic-photo-intelligence\car_angle_dataset\180\259454.jpeg,180,False
4,180__none__137645,C:\Users\aryan\OneDrive\Desktop\project_new\semantic-photo-intelligence\car_angle_dataset\180\137645.jpeg,180,False
4,0__none__147226,C:\Users\aryan\OneDrive\Desktop\project_new\semantic-photo-intelligence\car_angle_dataset\0\147226.jpeg,0,False
4,0__none__118238,C:\Users\aryan\OneDrive\Desktop\project_new\semantic-photo-intelligence\car_angle_dataset\0\118238.jpeg,0,False
4,0__none__178852,C:\Users\aryan\OneDrive\Desktop\project_new\semantic-photo-intelligence\car_angle_dataset\0\178852.jpeg,0,False
4,0__none__499512,C:\Users\aryan\OneDrive\Desktop\project_new\semantic-photo-intelligence\car_angle_dataset\0\499512.jpeg,0,False
4,0__none__465846,C:\Users\aryan\OneDrive\Desktop\project_new\semantic-photo-intelligence\car_angle_dataset\0\465846.jpeg,0,False
4,180__none__281063,C:\Users\aryan\OneDrive\Desktop\project_new\semantic-photo-intelligence\car_angle_dataset\180\281063.jpeg,180,False
4,180__none__355052,C:\Users\aryan\OneDrive\Desktop\project_new\semantic-photo-intelligence\car_angle_dataset\180\355052.jpeg,180,False
4,180__none__411304,C:\Users\aryan\OneDrive\Desktop\project_new\semantic-photo-intelligence\car_angle_dataset\180\411304.jpeg,180,False
4,180__none__384099,C:\Users\aryan\OneDrive\Desktop\project_new\semantic-photo-intelligence\car_angle_dataset\180\384099.jpeg,180,False
4,0__none__236409,C:\Users\aryan\OneDrive\Desktop\project_new\semantic-photo-intelligence\car_angle_dataset\0\236409.jpeg,0,False
4,180__none__177109,C:\Users\aryan\OneDrive\Desktop\project_new\semantic-photo-intelligence\car_angle_dataset\180\177109.jpeg,180,False
4,0__none__295566,C:\Users\aryan\OneDrive\Desktop\project_new\semantic-photo-intelligence\car_angle_dataset\0\295566.jpeg,0,False
4,0__none__166166,C:\Users\aryan\OneDrive\Desktop\project_new\semantic-photo-intelligence\car_angle_dataset\0\166166.jpeg,0,False
4,180__none__247030,C:\Users\aryan\OneDrive\Desktop\project_new\semantic-photo-intelligence\car_angle_dataset\180\247030.jpeg,180,False
4,180__none__255513,C:\Users\aryan\OneDrive\Desktop\project_new\semantic-photo-intelligence\car_angle_dataset\180\255513.jpeg,180,False
4,180__none__241595,C:\Users\aryan\OneDrive\Desktop\project_new\semantic-photo-intelligence\car_angle_dataset\180\241595.jpeg,180,False
4,0__none__337686,C:\Users\aryan\OneDrive\Desktop\project_new\semantic-photo-intelligence\car_angle_dataset\0\337686.jpeg,0,False
4,0__none__180851,C:\Users\aryan\OneDrive\Desktop\project_new\semantic-photo-intelligence\car_angle_dataset\0\180851.jpeg,0,False
4,180__none__268872,C:\Users\aryan\OneDrive\Desktop\project_new\semantic-photo-intelligence\car_angle_dataset\180\268872.jpeg,180,False
4,180__none__81593,C:\Users\aryan\OneDrive\Desktop\project_new\semantic-photo-intelligence\car_angle_dataset\180\81593.jpeg,180,False
4,0__none__428502,C:\Users\aryan\OneDrive\Desktop\project_new\semantic-photo-intelligence\car_angle_dataset\0\428502.jpeg,0,False
4,180__none__499511,C:\Users\aryan\OneDrive\Desktop\project_new\semantic-photo-intelligence\car_angle_dataset\180\499511.jpeg,180,False
4,180__none__312636,C:\Users\aryan\OneDrive\Desktop\project_new\semantic-photo-intelligence\car_angle_dataset\180\312636.jpeg,180,False
4,0__none__486124,C:\Users\aryan\OneDrive\Desktop\project_new\semantic-photo-intelligence\car_angle_dataset\0\486124.jpeg,0,False
4,0__none__326888,C:\Users\aryan\OneDrive\Desktop\project_new\semantic-photo-intelligence\car_angle_dataset\0\326888.jpeg,0,False
4,180__none__262294,C:\Users\aryan\OneDrive\Desktop\project_new\semantic-photo-intelligence\car_angle_dataset\180\262294.jpeg,180,False
4,0__none__110124,C:\Users\aryan\OneDrive\Desktop\project_new\semantic-photo-intelligence\car_angle_dataset\0\110124.jpeg,0,False
4,180__none__70714,C:\Users\aryan\OneDrive\Desktop\project_new\semantic-photo-intelligence\car_angle_dataset\180\70714.jpeg,180,False
4,0__none__246536,C:\Users\aryan\OneDrive\Desktop\project_new\semantic-photo-intelligence\car_angle_dataset\0\246536.jpeg,0,False
4,180__none__183148,C:\Users\aryan\OneDrive\Desktop\project_new\semantic-photo-intelligence\car_angle_dataset\180\183148.jpeg,180,False
4,180__none__124897,C:\Users\aryan\OneDrive\Desktop\project_new\semantic-photo-intelligence\car_angle_dataset\180\124897.jpeg,180,False
4,180__none__303805,C:\Users\aryan\OneDrive\Desktop\project_new\semantic-photo-intelligence\car_angle_dataset\180\303805.jpeg,180,False
4,180__none__75485,C:\Users\aryan\OneDrive\Desktop\project_new\semantic-photo-intelligence\car_angle_dataset\180\75485.jpeg,180,False
4,0__none__281118,C:\Users\aryan\OneDrive\Desktop\project_new\semantic-photo-intelligence\car_angle_dataset\0\281118.jpeg,0,False
4,180__none__482041,C:\Users\aryan\OneDrive\Desktop\project_new\semantic-photo-intelligence\car_angle_dataset\180\482041.jpeg,180,False
4,180__none__434553,C:\Users\aryan\OneDrive\Desktop\project_new\semantic-photo-intelligence\car_angle_dataset\180\434553.jpeg,180,False
4,0__none__365205,C:\Users\aryan\OneDrive\Desktop\project_new\semantic-photo-intelligence\car_angle_dataset\0\365205.jpeg,0,False
4,0__none__290236,C:\Users\aryan\OneDrive\Desktop\project_new\semantic-photo-intelligence\car_angle_dataset\0\290236.jpeg,0,False
4,180__none__147444,C:\Users\aryan\OneDrive\Desktop\project_new\semantic-photo-intelligence\car_angle_dataset\180\147444.jpeg,180,False
4,180__none__192870,C:\Users\aryan\OneDrive\Desktop\project_new\semantic-photo-intelligence\car_angle_dataset\180\192870.jpeg,180,False
4,180__none__408656,C:\Users\aryan\OneDrive\Desktop\project_new\semantic-photo-intelligence\car_angle_dataset\180\408656.jpeg,180,False
4,180__none__425739,C:\Users\aryan\OneDrive\Desktop\project_new\semantic-photo-intelligence\car_angle_dataset\180\425739.jpeg,180,False
4,180__none__69856,C:\Users\aryan\OneDrive\Desktop\project_new\semantic-photo-intelligence\car_angle_dataset\180\69856.jpeg,180,False
4,0__none__453566,C:\Users\aryan\OneDrive\Desktop\project_new\semantic-photo-intelligence\car_angle_dataset\0\453566.jpeg,0,False
4,0__none__85266,C:\Users\aryan\OneDrive\Desktop\project_new\semantic-photo-intelligence\car_angle_dataset\0\85266.jpeg,0,False
4,90__none__176873,C:\Users\aryan\OneDrive\Desktop\project_new\semantic-photo-intelligence\car_angle_dataset\90\176873.jpeg,90,False
4,0__none__107396,C:\Users\aryan\OneDrive\Desktop\project_new\semantic-photo-intelligence\car_angle_dataset\0\107396.jpeg,0,True
4,0__none__331947,C:\Users\aryan\OneDrive\Desktop\project_new\semantic-photo-intelligence\car_angle_dataset\0\331947.jpeg,0,False
4,180__none__470199,C:\Users\aryan\OneDrive\Desktop\project_new\semantic-photo-intelligence\car_angle_dataset\180\470199.jpeg,180,False
4,0__none__456434,C:\Users\aryan\OneDrive\Desktop\project_new\semantic-photo-intelligence\car_angle_dataset\0\456434.jpeg,0,False
5,130__none__157815,C:\Users\aryan\OneDrive\Desktop\project_new\semantic-photo-intelligence\car_angle_dataset\130\157815.jpeg,130,False
5,130__none__165477,C:\Users\aryan\OneDrive\Desktop\project_new\semantic-photo-intelligence\car_angle_dataset\130\165477.jpeg,130,False
5,130__none__167023,C:\Users\aryan\OneDrive\Desktop\project_new\semantic-photo-intelligence\car_angle_dataset\130\167023.jpeg,130,False
5,130__none__498827,C:\Users\aryan\OneDrive\Desktop\project_new\semantic-photo-intelligence\car_angle_dataset\130\498827.jpeg,130,False
5,130__none__156981,C:\Users\aryan\OneDrive\Desktop\project_new\semantic-photo-intelligence\car_angle_dataset\130\156981.jpeg,130,False
5,130__none__474978,C:\Users\aryan\OneDrive\Desktop\project_new\semantic-photo-intelligence\car_angle_dataset\130\474978.jpeg,130,False
5,130__none__499098,C:\Users\aryan\OneDrive\Desktop\project_new\semantic-photo-intelligence\car_angle_dataset\130\499098.jpeg,130,False
5,130__none__482189,C:\Users\aryan\OneDrive\Desktop\project_new\semantic-photo-intelligence\car_angle_dataset\130\482189.jpeg,130,False
5,130__none__180661,C:\Users\aryan\OneDrive\Desktop\project_new\semantic-photo-intelligence\car_angle_dataset\130\180661.jpeg,130,False
5,130__none__187054,C:\Users\aryan\OneDrive\Desktop\project_new\semantic-photo-intelligence\car_angle_dataset\130\187054.jpeg,130,False
5,130__none__156646,C:\Users\aryan\OneDrive\Desktop\project_new\semantic-photo-intelligence\car_angle_dataset\130\156646.jpeg,130,False
5,130__none__151735,C:\Users\aryan\OneDrive\Desktop\project_new\semantic-photo-intelligence\car_angle_dataset\130\151735.jpeg,130,False
5,130__none__498936,C:\Users\aryan\OneDrive\Desktop\project_new\semantic-photo-intelligence\car_angle_dataset\130\498936.jpeg,130,False
5,130__none__498900,C:\Users\aryan\OneDrive\Desktop\project_new\semantic-photo-intelligence\car_angle_dataset\130\498900.jpeg,130,False
5,130__none__188774,C:\Users\aryan\OneDrive\Desktop\project_new\semantic-photo-intelligence\car_angle_dataset\130\188774.jpeg,130,False
5,130__none__474855,C:\Users\aryan\OneDrive\Desktop\project_new\semantic-photo-intelligence\car_angle_dataset\130\474855.jpeg,130,False
5,130__none__146590,C:\Users\aryan\OneDrive\Desktop\project_new\semantic-photo-intelligence\car_angle_dataset\130\146590.jpeg,130,True
5,130__none__498713,C:\Users\aryan\OneDrive\Desktop\project_new\semantic-photo-intelligence\car_angle_dataset\130\498713.jpeg,130,False
5,130__none__188046,C:\Users\aryan\OneDrive\Desktop\project_new\semantic-photo-intelligence\car_angle_dataset\130\188046.jpeg,130,False
5,130__none__156961,C:\Users\aryan\OneDrive\Desktop\project_new\semantic-photo-intelligence\car_angle_dataset\130\156961.jpeg,130,False
5,130__none__188308,C:\Users\aryan\OneDrive\Desktop\project_new\semantic-photo-intelligence\car_angle_dataset\130\188308.jpeg,130,False
5,130__none__183864,C:\Users\aryan\OneDrive\Desktop\project_new\semantic-photo-intelligence\car_angle_dataset\130\183864.jpeg,130,False
5,130__none__151358,C:\Users\aryan\OneDrive\Desktop\project_new\semantic-photo-intelligence\car_angle_dataset\130\151358.jpeg,130,False
6,130__none__474825,C:\Users\aryan\OneDrive\Desktop\project_new\semantic-photo-intelligence\car_angle_dataset\130\474825.jpeg,130,False
6,130__none__156614,C:\Users\aryan\OneDrive\Desktop\project_new\semantic-photo-intelligence\car_angle_dataset\130\156614.jpeg,130,False
6,130__none__151378,C:\Users\aryan\OneDrive\Desktop\project_new\semantic-photo-intelligence\car_angle_dataset\130\151378.jpeg,130,True
6,130__none__158220,C:\Users\aryan\OneDrive\Desktop\project_new\semantic-photo-intelligence\car_angle_dataset\130\158220.jpeg,130,False
6,130__none__498692,C:\Users\aryan\OneDrive\Desktop\project_new\semantic-photo-intelligence\car_angle_dataset\130\498692.jpeg,130,False
6,130__none__474903,C:\Users\aryan\OneDrive\Desktop\project_new\semantic-photo-intelligence\car_angle_dataset\130\474903.jpeg,130,False
6,130__none__157044,C:\Users\aryan\OneDrive\Desktop\project_new\semantic-photo-intelligence\car_angle_dataset\130\157044.jpeg,130,False
6,130__none__483004,C:\Users\aryan\OneDrive\Desktop\project_new\semantic-photo-intelligence\car_angle_dataset\130\483004.jpeg,130,False
6,130__none__186969,C:\Users\aryan\OneDrive\Desktop\project_new\semantic-photo-intelligence\car_angle_dataset\130\186969.jpeg,130,False
6,130__none__474980,C:\Users\aryan\OneDrive\Desktop\project_new\semantic-photo-intelligence\car_angle_dataset\130\474980.jpeg,130,False
6,130__none__482640,C:\Users\aryan\OneDrive\Desktop\project_new\semantic-photo-intelligence\car_angle_dataset\130\482640.jpeg,130,False
6,130__none__158114,C:\Users\aryan\OneDrive\Desktop\project_new\semantic-photo-intelligence\car_angle_dataset\130\158114.jpeg,130,False
7,90__none__182294,C:\Users\aryan\OneDrive\Desktop\project_new\semantic-photo-intelligence\car_angle_dataset\90\182294.jpeg,90,True
7,90__none__264890,C:\Users\aryan\OneDrive\Desktop\project_new\semantic-photo-intelligence\car_angle_dataset\90\264890.jpeg,90,False
8,270__none__482544,C:\Users\aryan\OneDrive\Desktop\project_new\semantic-photo-intelligence\car_angle_dataset\270\482544.jpeg,270,False
8,270__none__475376,C:\Users\aryan\OneDrive\Desktop\project_new\semantic-photo-intelligence\car_angle_dataset\270\475376.jpeg,270,True
9,0__none__398032,C:\Users\aryan\OneDrive\Desktop\project_new\semantic-photo-intelligence\car_angle_dataset\0\398032.jpeg,0,True
9,0__none__398037,C:\Users\aryan\OneDrive\Desktop\project_new\semantic-photo-intelligence\car_angle_dataset\0\398037.jpeg,0,False
10,180__none__265040,C:\Users\aryan\OneDrive\Desktop\project_new\semantic-photo-intelligence\car_angle_dataset\180\265040.jpeg,180,False
10,0__none__266449,C:\Users\aryan\OneDrive\Desktop\project_new\semantic-photo-intelligence\car_angle_dataset\0\266449.jpeg,0,False
10,0__none__117580,C:\Users\aryan\OneDrive\Desktop\project_new\semantic-photo-intelligence\car_angle_dataset\0\117580.jpeg,0,True
11,180__none__133447,C:\Users\aryan\OneDrive\Desktop\project_new\semantic-photo-intelligence\car_angle_dataset\180\133447.jpeg,180,True
11,180__none__144927,C:\Users\aryan\OneDrive\Desktop\project_new\semantic-photo-intelligence\car_angle_dataset\180\144927.jpeg,180,False
12,130__none__491032,C:\Users\aryan\OneDrive\Desktop\project_new\semantic-photo-intelligence\car_angle_dataset\130\491032.jpeg,130,False
12,130__none__248426,C:\Users\aryan\OneDrive\Desktop\project_new\semantic-photo-intelligence\car_angle_dataset\130\248426.jpeg,130,True
13,270__none__322125,C:\Users\aryan\OneDrive\Desktop\project_new\semantic-photo-intelligence\car_angle_dataset\270\322125.jpeg,270,True
13,270__none__451574,C:\Users\aryan\OneDrive\Desktop\project_new\semantic-photo-intelligence\car_angle_dataset\270\451574.jpeg,270,False
14,180__none__474423,C:\Users\aryan\OneDrive\Desktop\project_new\semantic-photo-intelligence\car_angle_dataset\180\474423.jpeg,180,False
14,180__none__476426,C:\Users\aryan\OneDrive\Desktop\project_new\semantic-photo-intelligence\car_angle_dataset\180\476426.jpeg,180,False
14,180__none__145372,C:\Users\aryan\OneDrive\Desktop\project_new\semantic-photo-intelligence\car_angle_dataset\180\145372.jpeg,180,True
15,270__none__313276,C:\Users\aryan\OneDrive\Desktop\project_new\semantic-photo-intelligence\car_angle_dataset\270\313276.jpeg,270,True
15,270__none__432103,C:\Users\aryan\OneDrive\Desktop\project_new\semantic-photo-intelligence\car_angle_dataset\270\432103.jpeg,270,False
15,270__none__417675,C:\Users\aryan\OneDrive\Desktop\project_new\semantic-photo-intelligence\car_angle_dataset\270\417675.jpeg,270,False
15,270__none__376633,C:\Users\aryan\OneDrive\Desktop\project_new\semantic-photo-intelligence\car_angle_dataset\270\376633.jpeg,270,False
16,90__none__158381,C:\Users\aryan\OneDrive\Desktop\project_new\semantic-photo-intelligence\car_angle_dataset\90\158381.jpeg,90,False
16,90__none__157560,C:\Users\aryan\OneDrive\Desktop\project_new\semantic-photo-intelligence\car_angle_dataset\90\157560.jpeg,90,True
17,0__none__272674,C:\Users\aryan\OneDrive\Desktop\project_new\semantic-photo-intelligence\car_angle_dataset\0\272674.jpeg,0,False
17,180__none__271259,C:\Users\aryan\OneDrive\Desktop\project_new\semantic-photo-intelligence\car_angle_dataset\180\271259.jpeg,180,False
17,0__none__199685,C:\Users\aryan\OneDrive\Desktop\project_new\semantic-photo-intelligence\car_angle_dataset\0\199685.jpeg,0,True
18,130__none__152229,C:\Users\aryan\OneDrive\Desktop\project_new\semantic-photo-intelligence\car_angle_dataset\130\152229.jpeg,130,False
18,130__none__486184,C:\Users\aryan\OneDrive\Desktop\project_new\semantic-photo-intelligence\car_angle_dataset\130\486184.jpeg,130,False
18,130__none__164327,C:\Users\aryan\OneDrive\Desktop\project_new\semantic-photo-intelligence\car_angle_dataset\130\164327.jpeg,130,False
18,130__none__152202,C:\Users\aryan\OneDrive\Desktop\project_new\semantic-photo-intelligence\car_angle_dataset\130\152202.jpeg,130,True
18,130__none__152290,C:\Users\aryan\OneDrive\Desktop\project_new\semantic-photo-intelligence\car_angle_dataset\130\152290.jpeg,130,False
18,130__none__152255,C:\Users\aryan\OneDrive\Desktop\project_new\semantic-photo-intelligence\car_angle_dataset\130\152255.jpeg,130,False
18,130__none__152322,C:\Users\aryan\OneDrive\Desktop\project_new\semantic-photo-intelligence\car_angle_dataset\130\152322.jpeg,130,False
18,130__none__476191,C:\Users\aryan\OneDrive\Desktop\project_new\semantic-photo-intelligence\car_angle_dataset\130\476191.jpeg,130,False
19,0__none__358365,C:\Users\aryan\OneDrive\Desktop\project_new\semantic-photo-intelligence\car_angle_dataset\0\358365.jpeg,0,False
19,0__none__350248,C:\Users\aryan\OneDrive\Desktop\project_new\semantic-photo-intelligence\car_angle_dataset\0\350248.jpeg,0,True
20,130__none__483189,C:\Users\aryan\OneDrive\Desktop\project_new\semantic-photo-intelligence\car_angle_dataset\130\483189.jpeg,130,False
20,130__none__499028,C:\Users\aryan\OneDrive\Desktop\project_new\semantic-photo-intelligence\car_angle_dataset\130\499028.jpeg,130,False
20,130__none__183944,C:\Users\aryan\OneDrive\Desktop\project_new\semantic-photo-intelligence\car_angle_dataset\130\183944.jpeg,130,False
20,130__none__158218,C:\Users\aryan\OneDrive\Desktop\project_new\semantic-photo-intelligence\car_angle_dataset\130\158218.jpeg,130,True
20,130__none__183386,C:\Users\aryan\OneDrive\Desktop\project_new\semantic-photo-intelligence\car_angle_dataset\130\183386.jpeg,130,False
20,130__none__183772,C:\Users\aryan\OneDrive\Desktop\project_new\semantic-photo-intelligence\car_angle_dataset\130\183772.jpeg,130,False
20,130__none__458401,C:\Users\aryan\OneDrive\Desktop\project_new\semantic-photo-intelligence\car_angle_dataset\130\458401.jpeg,130,False
20,130__none__188187,C:\Users\aryan\OneDrive\Desktop\project_new\semantic-photo-intelligence\car_angle_dataset\130\188187.jpeg,130,False
20,130__none__482653,C:\Users\aryan\OneDrive\Desktop\project_new\semantic-photo-intelligence\car_angle_dataset\130\482653.jpeg,130,False
20,130__none__187936,C:\Users\aryan\OneDrive\Desktop\project_new\semantic-photo-intelligence\car_angle_dataset\130\187936.jpeg,130,False
20,130__none__482880,C:\Users\aryan\OneDrive\Desktop\project_new\semantic-photo-intelligence\car_angle_dataset\130\482880.jpeg,130,False
21,180__none__497408,C:\Users\aryan\OneDrive\Desktop\project_new\semantic-photo-intelligence\car_angle_dataset\180\497408.jpeg,180,False
21,180__none__343519,C:\Users\aryan\OneDrive\Desktop\project_new\semantic-photo-intelligence\car_angle_dataset\180\343519.jpeg,180,True
22,90__none__211958,C:\Users\aryan\OneDrive\Desktop\project_new\semantic-photo-intelligence\car_angle_dataset\90\211958.jpeg,90,True
22,90__none__218359,C:\Users\aryan\OneDrive\Desktop\project_new\semantic-photo-intelligence\car_angle_dataset\90\218359.jpeg,90,False
22,90__none__236792,C:\Users\aryan\OneDrive\Desktop\project_new\semantic-photo-intelligence\car_angle_dataset\90\236792.jpeg,90,False
23,130__none__146122,C:\Users\aryan\OneDrive\Desktop\project_new\semantic-photo-intelligence\car_angle_dataset\130\146122.jpeg,130,False
23,130__none__146043,C:\Users\aryan\OneDrive\Desktop\project_new\semantic-photo-intelligence\car_angle_dataset\130\146043.jpeg,130,True
24,180__none__106840,C:\Users\aryan\OneDrive\Desktop\project_new\semantic-photo-intelligence\car_angle_dataset\180\106840.jpeg,180,False
24,0__none__287193,C:\Users\aryan\OneDrive\Desktop\project_new\semantic-photo-intelligence\car_angle_dataset\0\287193.jpeg,0,True
25,180__none__451733,C:\Users\aryan\OneDrive\Desktop\project_new\semantic-photo-intelligence\car_angle_dataset\180\451733.jpeg,180,False
25,180__none__365871,C:\Users\aryan\OneDrive\Desktop\project_new\semantic-photo-intelligence\car_angle_dataset\180\365871.jpeg,180,True
25,180__none__397130,C:\Users\aryan\OneDrive\Desktop\project_new\semantic-photo-intelligence\car_angle_dataset\180\397130.jpeg,180,False
26,0__none__257798,C:\Users\aryan\OneDrive\Desktop\project_new\semantic-photo-intelligence\car_angle_dataset\0\257798.jpeg,0,True
26,180__none__71833,C:\Users\aryan\OneDrive\Desktop\project_new\semantic-photo-intelligence\car_angle_dataset\180\71833.jpeg,180,False
26,0__none__344114,C:\Users\aryan\OneDrive\Desktop\project_new\semantic-photo-intelligence\car_angle_dataset\0\344114.jpeg,0,False
27,180__none__289198,C:\Users\aryan\OneDrive\Desktop\project_new\semantic-photo-intelligence\car_angle_dataset\180\289198.jpeg,180,False
27,0__none__105065,C:\Users\aryan\OneDrive\Desktop\project_new\semantic-photo-intelligence\car_angle_dataset\0\105065.jpeg,0,True
27,180__none__200778,C:\Users\aryan\OneDrive\Desktop\project_new\semantic-photo-intelligence\car_angle_dataset\180\200778.jpeg,180,False
27,180__none__75907,C:\Users\aryan\OneDrive\Desktop\project_new\semantic-photo-intelligence\car_angle_dataset\180\75907.jpeg,180,False
28,130__none__151286,C:\Users\aryan\OneDrive\Desktop\project_new\semantic-photo-intelligence\car_angle_dataset\130\151286.jpeg,130,False
28,130__none__151712,C:\Users\aryan\OneDrive\Desktop\project_new\semantic-photo-intelligence\car_angle_dataset\130\151712.jpeg,130,False
28,130__none__457500,C:\Users\aryan\OneDrive\Desktop\project_new\semantic-photo-intelligence\car_angle_dataset\130\457500.jpeg,130,False
28,130__none__475197,C:\Users\aryan\OneDrive\Desktop\project_new\semantic-photo-intelligence\car_angle_dataset\130\475197.jpeg,130,False
28,130__none__150394,C:\Users\aryan\OneDrive\Desktop\project_new\semantic-photo-intelligence\car_angle_dataset\130\150394.jpeg,130,True
28,130__none__482248,C:\Users\aryan\OneDrive\Desktop\project_new\semantic-photo-intelligence\car_angle_dataset\130\482248.jpeg,130,False
29,270__none__185679,C:\Users\aryan\OneDrive\Desktop\project_new\semantic-photo-intelligence\car_angle_dataset\270\185679.jpeg,270,True
29,270__none__282550,C:\Users\aryan\OneDrive\Desktop\project_new\semantic-photo-intelligence\car_angle_dataset\270\282550.jpeg,270,False
29,270__none__200220,C:\Users\aryan\OneDrive\Desktop\project_new\semantic-photo-intelligence\car_angle_dataset\270\200220.jpeg,270,False
30,0__none__212435,C:\Users\aryan\OneDrive\Desktop\project_new\semantic-photo-intelligence\car_angle_dataset\0\212435.jpeg,0,True
30,0__none__315481,C:\Users\aryan\OneDrive\Desktop\project_new\semantic-photo-intelligence\car_angle_dataset\0\315481.jpeg,0,False
31,130__none__259998,C:\Users\aryan\OneDrive\Desktop\project_new\semantic-photo-intelligence\car_angle_dataset\130\259998.jpeg,130,False
31,130__none__260125,C:\Users\aryan\OneDrive\Desktop\project_new\semantic-photo-intelligence\car_angle_dataset\130\260125.jpeg,130,False
31,130__none__259943,C:\Users\aryan\OneDrive\Desktop\project_new\semantic-photo-intelligence\car_angle_dataset\130\259943.jpeg,130,True
32,270__none__368158,C:\Users\aryan\OneDrive\Desktop\project_new\semantic-photo-intelligence\car_angle_dataset\270\368158.jpeg,270,True
32,270__none__431358,C:\Users\aryan\OneDrive\Desktop\project_new\semantic-photo-intelligence\car_angle_dataset\270\431358.jpeg,270,False
33,90__none__310741,C:\Users\aryan\OneDrive\Desktop\project_new\semantic-photo-intelligence\car_angle_dataset\90\310741.jpeg,90,False
33,90__none__33035,C:\Users\aryan\OneDrive\Desktop\project_new\semantic-photo-intelligence\car_angle_dataset\90\33035.jpeg,90,False
33,90__none__217511,C:\Users\aryan\OneDrive\Desktop\project_new\semantic-photo-intelligence\car_angle_dataset\90\217511.jpeg,90,False
33,90__none__129868,C:\Users\aryan\OneDrive\Desktop\project_new\semantic-photo-intelligence\car_angle_dataset\90\129868.jpeg,90,True
34,0__none__157313,C:\Users\aryan\OneDrive\Desktop\project_new\semantic-photo-intelligence\car_angle_dataset\0\157313.jpeg,0,True
34,0__none__482370,C:\Users\aryan\OneDrive\Desktop\project_new\semantic-photo-intelligence\car_angle_dataset\0\482370.jpeg,0,False
34,0__none__482377,C:\Users\aryan\OneDrive\Desktop\project_new\semantic-photo-intelligence\car_angle_dataset\0\482377.jpeg,0,False
34,0__none__176943,C:\Users\aryan\OneDrive\Desktop\project_new\semantic-photo-intelligence\car_angle_dataset\0\176943.jpeg,0,False
34,0__none__173199,C:\Users\aryan\OneDrive\Desktop\project_new\semantic-photo-intelligence\car_angle_dataset\0\173199.jpeg,0,False
35,130__none__245872,C:\Users\aryan\OneDrive\Desktop\project_new\semantic-photo-intelligence\car_angle_dataset\130\245872.jpeg,130,True
35,90__none__220905,C:\Users\aryan\OneDrive\Desktop\project_new\semantic-photo-intelligence\car_angle_dataset\90\220905.jpeg,90,False
36,270__none__361312,C:\Users\aryan\OneDrive\Desktop\project_new\semantic-photo-intelligence\car_angle_dataset\270\361312.jpeg,270,False
36,270__none__291055,C:\Users\aryan\OneDrive\Desktop\project_new\semantic-photo-intelligence\car_angle_dataset\270\291055.jpeg,270,True
36,270__none__440120,C:\Users\aryan\OneDrive\Desktop\project_new\semantic-photo-intelligence\car_angle_dataset\270\440120.jpeg,270,False
36,270__none__373330,C:\Users\aryan\OneDrive\Desktop\project_new\semantic-photo-intelligence\car_angle_dataset\270\373330.jpeg,270,False
36,270__none__491647,C:\Users\aryan\OneDrive\Desktop\project_new\semantic-photo-intelligence\car_angle_dataset\270\491647.jpeg,270,False
36,270__none__320258,C:\Users\aryan\OneDrive\Desktop\project_new\semantic-photo-intelligence\car_angle_dataset\270\320258.jpeg,270,False
37,270__none__292253,C:\Users\aryan\OneDrive\Desktop\project_new\semantic-photo-intelligence\car_angle_dataset\270\292253.jpeg,270,False
37,270__none__238623,C:\Users\aryan\OneDrive\Desktop\project_new\semantic-photo-intelligence\car_angle_dataset\270\238623.jpeg,270,True
37,270__none__258036,C:\Users\aryan\OneDrive\Desktop\project_new\semantic-photo-intelligence\car_angle_dataset\270\258036.jpeg,270,False
38,130__none__237573,C:\Users\aryan\OneDrive\Desktop\project_new\semantic-photo-intelligence\car_angle_dataset\130\237573.jpeg,130,False
38,130__none__219884,C:\Users\aryan\OneDrive\Desktop\project_new\semantic-photo-intelligence\car_angle_dataset\130\219884.jpeg,130,True
39,270__none__395510,C:\Users\aryan\OneDrive\Desktop\project_new\semantic-photo-intelligence\car_angle_dataset\270\395510.jpeg,270,True
39,270__none__424239,C:\Users\aryan\OneDrive\Desktop\project_new\semantic-photo-intelligence\car_angle_dataset\270\424239.jpeg,270,False
40,270__none__413684,C:\Users\aryan\OneDrive\Desktop\project_new\semantic-photo-intelligence\car_angle_dataset\270\413684.jpeg,270,False
40,270__none__339611,C:\Users\aryan\OneDrive\Desktop\project_new\semantic-photo-intelligence\car_angle_dataset\270\339611.jpeg,270,False
40,270__none__274247,C:\Users\aryan\OneDrive\Desktop\project_new\semantic-photo-intelligence\car_angle_dataset\270\274247.jpeg,270,True
40,270__none__361220,C:\Users\aryan\OneDrive\Desktop\project_new\semantic-photo-intelligence\car_angle_dataset\270\361220.jpeg,270,False
40,270__none__470135,C:\Users\aryan\OneDrive\Desktop\project_new\semantic-photo-intelligence\car_angle_dataset\270\470135.jpeg,270,False
40,270__none__331659,C:\Users\aryan\OneDrive\Desktop\project_new\semantic-photo-intelligence\car_angle_dataset\270\331659.jpeg,270,False
40,270__none__364006,C:\Users\aryan\OneDrive\Desktop\project_new\semantic-photo-intelligence\car_angle_dataset\270\364006.jpeg,270,False
41,90__none__227369,C:\Users\aryan\OneDrive\Desktop\project_new\semantic-photo-intelligence\car_angle_dataset\90\227369.jpeg,90,False
41,90__none__294174,C:\Users\aryan\OneDrive\Desktop\project_new\semantic-photo-intelligence\car_angle_dataset\90\294174.jpeg,90,False
41,90__none__317200,C:\Users\aryan\OneDrive\Desktop\project_new\semantic-photo-intelligence\car_angle_dataset\90\317200.jpeg,90,False
41,90__none__123314,C:\Users\aryan\OneDrive\Desktop\project_new\semantic-photo-intelligence\car_angle_dataset\90\123314.jpeg,90,True
41,90__none__124473,C:\Users\aryan\OneDrive\Desktop\project_new\semantic-photo-intelligence\car_angle_dataset\90\124473.jpeg,90,False
42,90__none__299331,C:\Users\aryan\OneDrive\Desktop\project_new\semantic-photo-intelligence\car_angle_dataset\90\299331.jpeg,90,False
42,90__none__6017,C:\Users\aryan\OneDrive\Desktop\project_new\semantic-photo-intelligence\car_angle_dataset\90\6017.jpeg,90,False
42,90__none__97752,C:\Users\aryan\OneDrive\Desktop\project_new\semantic-photo-intelligence\car_angle_dataset\90\97752.jpeg,90,False
42,90__none__117844,C:\Users\aryan\OneDrive\Desktop\project_new\semantic-photo-intelligence\car_angle_dataset\90\117844.jpeg,90,True
43,180__none__167130,C:\Users\aryan\OneDrive\Desktop\project_new\semantic-photo-intelligence\car_angle_dataset\180\167130.jpeg,180,False
43,180__none__406121,C:\Users\aryan\OneDrive\Desktop\project_new\semantic-photo-intelligence\car_angle_dataset\180\406121.jpeg,180,False
43,0__none__428355,C:\Users\aryan\OneDrive\Desktop\project_new\semantic-photo-intelligence\car_angle_dataset\0\428355.jpeg,0,True
44,90__none__222415,C:\Users\aryan\OneDrive\Desktop\project_new\semantic-photo-intelligence\car_angle_dataset\90\222415.jpeg,90,False
44,90__none__88648,C:\Users\aryan\OneDrive\Desktop\project_new\semantic-photo-intelligence\car_angle_dataset\90\88648.jpeg,90,False
44,90__none__19631,C:\Users\aryan\OneDrive\Desktop\project_new\semantic-photo-intelligence\car_angle_dataset\90\19631.jpeg,90,False
44,90__none__186653,C:\Users\aryan\OneDrive\Desktop\project_new\semantic-photo-intelligence\car_angle_dataset\90\186653.jpeg,90,True
45,270__none__355915,C:\Users\aryan\OneDrive\Desktop\project_new\semantic-photo-intelligence\car_angle_dataset\270\355915.jpeg,270,False
45,270__none__336482,C:\Users\aryan\OneDrive\Desktop\project_new\semantic-photo-intelligence\car_angle_dataset\270\336482.jpeg,270,True
46,0__none__117493,C:\Users\aryan\OneDrive\Desktop\project_new\semantic-photo-intelligence\car_angle_dataset\0\117493.jpeg,0,True
46,0__none__465314,C:\Users\aryan\OneDrive\Desktop\project_new\semantic-photo-intelligence\car_angle_dataset\0\465314.jpeg,0,False
47,90__none__152224,C:\Users\aryan\OneDrive\Desktop\project_new\semantic-photo-intelligence\car_angle_dataset\90\152224.jpeg,90,True
47,90__none__164424,C:\Users\aryan\OneDrive\Desktop\project_new\semantic-photo-intelligence\car_angle_dataset\90\164424.jpeg,90,False
48,90__none__70799,C:\Users\aryan\OneDrive\Desktop\project_new\semantic-photo-intelligence\car_angle_dataset\90\70799.jpeg,90,False
48,90__none__224819,C:\Users\aryan\OneDrive\Desktop\project_new\semantic-photo-intelligence\car_angle_dataset\90\224819.jpeg,90,False
48,90__none__10427,C:\Users\aryan\OneDrive\Desktop\project_new\semantic-photo-intelligence\car_angle_dataset\90\10427.jpeg,90,True
49,0__none__83996,C:\Users\aryan\OneDrive\Desktop\project_new\semantic-photo-intelligence\car_angle_dataset\0\83996.jpeg,0,True
49,0__none__84094,C:\Users\aryan\OneDrive\Desktop\project_new\semantic-photo-intelligence\car_angle_dataset\0\84094.jpeg,0,False
50,90__none__201058,C:\Users\aryan\OneDrive\Desktop\project_new\semantic-photo-intelligence\car_angle_dataset\90\201058.jpeg,90,False
50,90__none__207996,C:\Users\aryan\OneDrive\Desktop\project_new\semantic-photo-intelligence\car_angle_dataset\90\207996.jpeg,90,False
50,90__none__172669,C:\Users\aryan\OneDrive\Desktop\project_new\semantic-photo-intelligence\car_angle_dataset\90\172669.jpeg,90,False
50,90__none__166059,C:\Users\aryan\OneDrive\Desktop\project_new\semantic-photo-intelligence\car_angle_dataset\90\166059.jpeg,90,True
51,180__none__474774,C:\Users\aryan\OneDrive\Desktop\project_new\semantic-photo-intelligence\car_angle_dataset\180\474774.jpeg,180,True
51,180__none__476720,C:\Users\aryan\OneDrive\Desktop\project_new\semantic-photo-intelligence\car_angle_dataset\180\476720.jpeg,180,False
52,270__none__214678,C:\Users\aryan\OneDrive\Desktop\project_new\semantic-photo-intelligence\car_angle_dataset\270\214678.jpeg,270,True
52,270__none__363820,C:\Users\aryan\OneDrive\Desktop\project_new\semantic-photo-intelligence\car_angle_dataset\270\363820.jpeg,270,False
53,180__none__415061,C:\Users\aryan\OneDrive\Desktop\project_new\semantic-photo-intelligence\car_angle_dataset\180\415061.jpeg,180,False
53,180__none__244196,C:\Users\aryan\OneDrive\Desktop\project_new\semantic-photo-intelligence\car_angle_dataset\180\244196.jpeg,180,False
53,0__none__215019,C:\Users\aryan\OneDrive\Desktop\project_new\semantic-photo-intelligence\car_angle_dataset\0\215019.jpeg,0,True
53,180__none__141626,C:\Users\aryan\OneDrive\Desktop\project_new\semantic-photo-intelligence\car_angle_dataset\180\141626.jpeg,180,False
53,180__none__233821,C:\Users\aryan\OneDrive\Desktop\project_new\semantic-photo-intelligence\car_angle_dataset\180\233821.jpeg,180,False
54,90__none__71462,C:\Users\aryan\OneDrive\Desktop\project_new\semantic-photo-intelligence\car_angle_dataset\90\71462.jpeg,90,False
54,90__none__321959,C:\Users\aryan\OneDrive\Desktop\project_new\semantic-photo-intelligence\car_angle_dataset\90\321959.jpeg,90,True
55,180__none__215556,C:\Users\aryan\OneDrive\Desktop\project_new\semantic-photo-intelligence\car_angle_dataset\180\215556.jpeg,180,True
55,180__none__370389,C:\Users\aryan\OneDrive\Desktop\project_new\semantic-photo-intelligence\car_angle_dataset\180\370389.jpeg,180,False
56,180__none__304009,C:\Users\aryan\OneDrive\Desktop\project_new\semantic-photo-intelligence\car_angle_dataset\180\304009.jpeg,180,True
56,180__none__76597,C:\Users\aryan\OneDrive\Desktop\project_new\semantic-photo-intelligence\car_angle_dataset\180\76597.jpeg,180,False
57,180__none__337568,C:\Users\aryan\OneDrive\Desktop\project_new\semantic-photo-intelligence\car_angle_dataset\180\337568.jpeg,180,True
57,180__none__427582,C:\Users\aryan\OneDrive\Desktop\project_new\semantic-photo-intelligence\car_angle_dataset\180\427582.jpeg,180,False
58,180__none__139862,C:\Users\aryan\OneDrive\Desktop\project_new\semantic-photo-intelligence\car_angle_dataset\180\139862.jpeg,180,False
58,0__none__198805,C:\Users\aryan\OneDrive\Desktop\project_new\semantic-photo-intelligence\car_angle_dataset\0\198805.jpeg,0,True
59,270__none__184688,C:\Users\aryan\OneDrive\Desktop\project_new\semantic-photo-intelligence\car_angle_dataset\270\184688.jpeg,270,True
59,270__none__490441,C:\Users\aryan\OneDrive\Desktop\project_new\semantic-photo-intelligence\car_angle_dataset\270\490441.jpeg,270,False
59,270__none__439488,C:\Users\aryan\OneDrive\Desktop\project_new\semantic-photo-intelligence\car_angle_dataset\270\439488.jpeg,270,False
60,270__none__436687,C:\Users\aryan\OneDrive\Desktop\project_new\semantic-photo-intelligence\car_angle_dataset\270\436687.jpeg,270,True
60,270__none__446779,C:\Users\aryan\OneDrive\Desktop\project_new\semantic-photo-intelligence\car_angle_dataset\270\446779.jpeg,270,False
60,270__none__465309,C:\Users\aryan\OneDrive\Desktop\project_new\semantic-photo-intelligence\car_angle_dataset\270\465309.jpeg,270,False
61,0__none__161792,C:\Users\aryan\OneDrive\Desktop\project_new\semantic-photo-intelligence\car_angle_dataset\0\161792.jpeg,0,True
61,130__none__214949,C:\Users\aryan\OneDrive\Desktop\project_new\semantic-photo-intelligence\car_angle_dataset\130\214949.jpeg,130,False
62,180__none__143866,C:\Users\aryan\OneDrive\Desktop\project_new\semantic-photo-intelligence\car_angle_dataset\180\143866.jpeg,180,True
62,180__none__212833,C:\Users\aryan\OneDrive\Desktop\project_new\semantic-photo-intelligence\car_angle_dataset\180\212833.jpeg,180,False
63,0__none__92758,C:\Users\aryan\OneDrive\Desktop\project_new\semantic-photo-intelligence\car_angle_dataset\0\92758.jpeg,0,False
63,0__none__302364,C:\Users\aryan\OneDrive\Desktop\project_new\semantic-photo-intelligence\car_angle_dataset\0\302364.jpeg,0,False
63,0__none__407234,C:\Users\aryan\OneDrive\Desktop\project_new\semantic-photo-intelligence\car_angle_dataset\0\407234.jpeg,0,False
63,0__none__167465,C:\Users\aryan\OneDrive\Desktop\project_new\semantic-photo-intelligence\car_angle_dataset\0\167465.jpeg,0,False
63,0__none__394106,C:\Users\aryan\OneDrive\Desktop\project_new\semantic-photo-intelligence\car_angle_dataset\0\394106.jpeg,0,False
63,0__none__349342,C:\Users\aryan\OneDrive\Desktop\project_new\semantic-photo-intelligence\car_angle_dataset\0\349342.jpeg,0,False
63,0__none__146063,C:\Users\aryan\OneDrive\Desktop\project_new\semantic-photo-intelligence\car_angle_dataset\0\146063.jpeg,0,True
64,270__none__299862,C:\Users\aryan\OneDrive\Desktop\project_new\semantic-photo-intelligence\car_angle_dataset\270\299862.jpeg,270,False
64,270__none__285013,C:\Users\aryan\OneDrive\Desktop\project_new\semantic-photo-intelligence\car_angle_dataset\270\285013.jpeg,270,True
65,180__none__486817,C:\Users\aryan\OneDrive\Desktop\project_new\semantic-photo-intelligence\car_angle_dataset\180\486817.jpeg,180,False
65,180__none__155397,C:\Users\aryan\OneDrive\Desktop\project_new\semantic-photo-intelligence\car_angle_dataset\180\155397.jpeg,180,True
66,0__none__408185,C:\Users\aryan\OneDrive\Desktop\project_new\semantic-photo-intelligence\car_angle_dataset\0\408185.jpeg,0,False
66,0__none__333820,C:\Users\aryan\OneDrive\Desktop\project_new\semantic-photo-intelligence\car_angle_dataset\0\333820.jpeg,0,True
67,180__none__152289,C:\Users\aryan\OneDrive\Desktop\project_new\semantic-photo-intelligence\car_angle_dataset\180\152289.jpeg,180,True
67,180__none__164332,C:\Users\aryan\OneDrive\Desktop\project_new\semantic-photo-intelligence\car_angle_dataset\180\164332.jpeg,180,False
67,180__none__486242,C:\Users\aryan\OneDrive\Desktop\project_new\semantic-photo-intelligence\car_angle_dataset\180\486242.jpeg,180,False
67,180__none__164434,C:\Users\aryan\OneDrive\Desktop\project_new\semantic-photo-intelligence\car_angle_dataset\180\164434.jpeg,180,False
68,130__none__150903,C:\Users\aryan\OneDrive\Desktop\project_new\semantic-photo-intelligence\car_angle_dataset\130\150903.jpeg,130,True
68,130__none__165006,C:\Users\aryan\OneDrive\Desktop\project_new\semantic-photo-intelligence\car_angle_dataset\130\165006.jpeg,130,False
69,270__none__343129,C:\Users\aryan\OneDrive\Desktop\project_new\semantic-photo-intelligence\car_angle_dataset\270\343129.jpeg,270,False
69,270__none__185987,C:\Users\aryan\OneDrive\Desktop\project_new\semantic-photo-intelligence\car_angle_dataset\270\185987.jpeg,270,True
70,0__none__178808,C:\Users\aryan\OneDrive\Desktop\project_new\semantic-photo-intelligence\car_angle_dataset\0\178808.jpeg,0,True
70,180__none__162043,C:\Users\aryan\OneDrive\Desktop\project_new\semantic-photo-intelligence\car_angle_dataset\180\162043.jpeg,180,False
71,0__none__377361,C:\Users\aryan\OneDrive\Desktop\project_new\semantic-photo-intelligence\car_angle_dataset\0\377361.jpeg,0,False
71,0__none__189423,C:\Users\aryan\OneDrive\Desktop\project_new\semantic-photo-intelligence\car_angle_dataset\0\189423.jpeg,0,True
72,90__none__178016,C:\Users\aryan\OneDrive\Desktop\project_new\semantic-photo-intelligence\car_angle_dataset\90\178016.jpeg,90,True
72,90__none__248136,C:\Users\aryan\OneDrive\Desktop\project_new\semantic-photo-intelligence\car_angle_dataset\90\248136.jpeg,90,False
73,90__none__334053,C:\Users\aryan\OneDrive\Desktop\project_new\semantic-photo-intelligence\car_angle_dataset\90\334053.jpeg,90,True
73,90__none__48132,C:\Users\aryan\OneDrive\Desktop\project_new\semantic-photo-intelligence\car_angle_dataset\90\48132.jpeg,90,False
74,0__none__405359,C:\Users\aryan\OneDrive\Desktop\project_new\semantic-photo-intelligence\car_angle_dataset\0\405359.jpeg,0,False
74,0__none__297403,C:\Users\aryan\OneDrive\Desktop\project_new\semantic-photo-intelligence\car_angle_dataset\0\297403.jpeg,0,True
75,0__none__94718,C:\Users\aryan\OneDrive\Desktop\project_new\semantic-photo-intelligence\car_angle_dataset\0\94718.jpeg,0,False
75,0__none__367486,C:\Users\aryan\OneDrive\Desktop\project_new\semantic-photo-intelligence\car_angle_dataset\0\367486.jpeg,0,True
76,90__none__255172,C:\Users\aryan\OneDrive\Desktop\project_new\semantic-photo-intelligence\car_angle_dataset\90\255172.jpeg,90,False
76,90__none__245767,C:\Users\aryan\OneDrive\Desktop\project_new\semantic-photo-intelligence\car_angle_dataset\90\245767.jpeg,90,True
77,180__none__247058,C:\Users\aryan\OneDrive\Desktop\project_new\semantic-photo-intelligence\car_angle_dataset\180\247058.jpeg,180,True
77,180__none__254744,C:\Users\aryan\OneDrive\Desktop\project_new\semantic-photo-intelligence\car_angle_dataset\180\254744.jpeg,180,False
78,180__none__303946,C:\Users\aryan\OneDrive\Desktop\project_new\semantic-photo-intelligence\car_angle_dataset\180\303946.jpeg,180,False
78,180__none__192433,C:\Users\aryan\OneDrive\Desktop\project_new\semantic-photo-intelligence\car_angle_dataset\180\192433.jpeg,180,False
78,180__none__308519,C:\Users\aryan\OneDrive\Desktop\project_new\semantic-photo-intelligence\car_angle_dataset\180\308519.jpeg,180,False
78,130__none__389459,C:\Users\aryan\OneDrive\Desktop\project_new\semantic-photo-intelligence\car_angle_dataset\130\389459.jpeg,130,True
79,0__none__450150,C:\Users\aryan\OneDrive\Desktop\project_new\semantic-photo-intelligence\car_angle_dataset\0\450150.jpeg,0,False
79,0__none__242537,C:\Users\aryan\OneDrive\Desktop\project_new\semantic-photo-intelligence\car_angle_dataset\0\242537.jpeg,0,True
80,130__none__114441,C:\Users\aryan\OneDrive\Desktop\project_new\semantic-photo-intelligence\car_angle_dataset\130\114441.jpeg,130,True
80,130__none__270283,C:\Users\aryan\OneDrive\Desktop\project_new\semantic-photo-intelligence\car_angle_dataset\130\270283.jpeg,130,False
80,130__none__201710,C:\Users\aryan\OneDrive\Desktop\project_new\semantic-photo-intelligence\car_angle_dataset\130\201710.jpeg,130,False
80,130__none__122878,C:\Users\aryan\OneDrive\Desktop\project_new\semantic-photo-intelligence\car_angle_dataset\130\122878.jpeg,130,False
81,130__none__368586,C:\Users\aryan\OneDrive\Desktop\project_new\semantic-photo-intelligence\car_angle_dataset\130\368586.jpeg,130,False
81,130__none__339874,C:\Users\aryan\OneDrive\Desktop\project_new\semantic-photo-intelligence\car_angle_dataset\130\339874.jpeg,130,False
81,130__none__338070,C:\Users\aryan\OneDrive\Desktop\project_new\semantic-photo-intelligence\car_angle_dataset\130\338070.jpeg,130,True
82,90__none__141534,C:\Users\aryan\OneDrive\Desktop\project_new\semantic-photo-intelligence\car_angle_dataset\90\141534.jpeg,90,False
82,90__none__133403,C:\Users\aryan\OneDrive\Desktop\project_new\semantic-photo-intelligence\car_angle_dataset\90\133403.jpeg,90,True
83,180__none__425458,C:\Users\aryan\OneDrive\Desktop\project_new\semantic-photo-intelligence\car_angle_dataset\180\425458.jpeg,180,False
83,0__none__297861,C:\Users\aryan\OneDrive\Desktop\project_new\semantic-photo-intelligence\car_angle_dataset\0\297861.jpeg,0,True
84,180__none__106213,C:\Users\aryan\OneDrive\Desktop\project_new\semantic-photo-intelligence\car_angle_dataset\180\106213.jpeg,180,False
84,180__none__151881,C:\Users\aryan\OneDrive\Desktop\project_new\semantic-photo-intelligence\car_angle_dataset\180\151881.jpeg,180,False
84,0__none__92826,C:\Users\aryan\OneDrive\Desktop\project_new\semantic-photo-intelligence\car_angle_dataset\0\92826.jpeg,0,True
85,90__none__146141,C:\Users\aryan\OneDrive\Desktop\project_new\semantic-photo-intelligence\car_angle_dataset\90\146141.jpeg,90,True
85,90__none__151721,C:\Users\aryan\OneDrive\Desktop\project_new\semantic-photo-intelligence\car_angle_dataset\90\151721.jpeg,90,False
85,90__none__167529,C:\Users\aryan\OneDrive\Desktop\project_new\semantic-photo-intelligence\car_angle_dataset\90\167529.jpeg,90,False
86,270__none__297999,C:\Users\aryan\OneDrive\Desktop\project_new\semantic-photo-intelligence\car_angle_dataset\270\297999.jpeg,270,True
86,270__none__482204,C:\Users\aryan\OneDrive\Desktop\project_new\semantic-photo-intelligence\car_angle_dataset\270\482204.jpeg,270,False
87,180__none__194820,C:\Users\aryan\OneDrive\Desktop\project_new\semantic-photo-intelligence\car_angle_dataset\180\194820.jpeg,180,False
87,180__none__194803,C:\Users\aryan\OneDrive\Desktop\project_new\semantic-photo-intelligence\car_angle_dataset\180\194803.jpeg,180,True
88,180__none__236805,C:\Users\aryan\OneDrive\Desktop\project_new\semantic-photo-intelligence\car_angle_dataset\180\236805.jpeg,180,False
88,180__none__227507,C:\Users\aryan\OneDrive\Desktop\project_new\semantic-photo-intelligence\car_angle_dataset\180\227507.jpeg,180,True
89,90__none__99539,C:\Users\aryan\OneDrive\Desktop\project_new\semantic-photo-intelligence\car_angle_dataset\90\99539.jpeg,90,False
89,90__none__290350,C:\Users\aryan\OneDrive\Desktop\project_new\semantic-photo-intelligence\car_angle_dataset\90\290350.jpeg,90,True
90,130__none__146290,C:\Users\aryan\OneDrive\Desktop\project_new\semantic-photo-intelligence\car_angle_dataset\130\146290.jpeg,130,True
90,130__none__474480,C:\Users\aryan\OneDrive\Desktop\project_new\semantic-photo-intelligence\car_angle_dataset\130\474480.jpeg,130,False
91,0__none__420747,C:\Users\aryan\OneDrive\Desktop\project_new\semantic-photo-intelligence\car_angle_dataset\0\420747.jpeg,0,True
91,130__none__207328,C:\Users\aryan\OneDrive\Desktop\project_new\semantic-photo-intelligence\car_angle_dataset\130\207328.jpeg,130,False
92,270__none__280661,C:\Users\aryan\OneDrive\Desktop\project_new\semantic-photo-intelligence\car_angle_dataset\270\280661.jpeg,270,True
92,270__none__358532,C:\Users\aryan\OneDrive\Desktop\project_new\semantic-photo-intelligence\car_angle_dataset\270\358532.jpeg,270,False
93,0__none__245573,C:\Users\aryan\OneDrive\Desktop\project_new\semantic-photo-intelligence\car_angle_dataset\0\245573.jpeg,0,True
93,0__none__341763,C:\Users\aryan\OneDrive\Desktop\project_new\semantic-photo-intelligence\car_angle_dataset\0\341763.jpeg,0,False
94,0__none__448988,C:\Users\aryan\OneDrive\Desktop\project_new\semantic-photo-intelligence\car_angle_dataset\0\448988.jpeg,0,False
94,0__none__333967,C:\Users\aryan\OneDrive\Desktop\project_new\semantic-photo-intelligence\car_angle_dataset\0\333967.jpeg,0,True
94,180__none__410292,C:\Users\aryan\OneDrive\Desktop\project_new\semantic-photo-intelligence\car_angle_dataset\180\410292.jpeg,180,False
95,270__none__371150,C:\Users\aryan\OneDrive\Desktop\project_new\semantic-photo-intelligence\car_angle_dataset\270\371150.jpeg,270,False
95,270__none__382968,C:\Users\aryan\OneDrive\Desktop\project_new\semantic-photo-intelligence\car_angle_dataset\270\382968.jpeg,270,False
95,270__none__226320,C:\Users\aryan\OneDrive\Desktop\project_new\semantic-photo-intelligence\car_angle_dataset\270\226320.jpeg,270,True
95,270__none__320950,C:\Users\aryan\OneDrive\Desktop\project_new\semantic-photo-intelligence\car_angle_dataset\270\320950.jpeg,270,False
95,270__none__456602,C:\Users\aryan\OneDrive\Desktop\project_new\semantic-photo-intelligence\car_angle_dataset\270\456602.jpeg,270,False
96,180__none__165645,C:\Users\aryan\OneDrive\Desktop\project_new\semantic-photo-intelligence\car_angle_dataset\180\165645.jpeg,180,True
96,180__none__416649,C:\Users\aryan\OneDrive\Desktop\project_new\semantic-photo-intelligence\car_angle_dataset\180\416649.jpeg,180,False
97,270__none__449827,C:\Users\aryan\OneDrive\Desktop\project_new\semantic-photo-intelligence\car_angle_dataset\270\449827.jpeg,270,False
97,270__none__457155,C:\Users\aryan\OneDrive\Desktop\project_new\semantic-photo-intelligence\car_angle_dataset\270\457155.jpeg,270,False
97,270__none__223837,C:\Users\aryan\OneDrive\Desktop\project_new\semantic-photo-intelligence\car_angle_dataset\270\223837.jpeg,270,True
98,0__none__426434,C:\Users\aryan\OneDrive\Desktop\project_new\semantic-photo-intelligence\car_angle_dataset\0\426434.jpeg,0,False
98,0__none__326663,C:\Users\aryan\OneDrive\Desktop\project_new\semantic-photo-intelligence\car_angle_dataset\0\326663.jpeg,0,True
99,90__none__194468,C:\Users\aryan\OneDrive\Desktop\project_new\semantic-photo-intelligence\car_angle_dataset\90\194468.jpeg,90,False
99,90__none__160343,C:\Users\aryan\OneDrive\Desktop\project_new\semantic-photo-intelligence\car_angle_dataset\90\160343.jpeg,90,True
100,180__none__152537,C:\Users\aryan\OneDrive\Desktop\project_new\semantic-photo-intelligence\car_angle_dataset\180\152537.jpeg,180,True
100,180__none__457665,C:\Users\aryan\OneDrive\Desktop\project_new\semantic-photo-intelligence\car_angle_dataset\180\457665.jpeg,180,False
101,270__none__195388,C:\Users\aryan\OneDrive\Desktop\project_new\semantic-photo-intelligence\car_angle_dataset\270\195388.jpeg,270,True
101,270__none__375725,C:\Users\aryan\OneDrive\Desktop\project_new\semantic-photo-intelligence\car_angle_dataset\270\375725.jpeg,270,False
102,270__none__307221,C:\Users\aryan\OneDrive\Desktop\project_new\semantic-photo-intelligence\car_angle_dataset\270\307221.jpeg,270,True
102,270__none__424927,C:\Users\aryan\OneDrive\Desktop\project_new\semantic-photo-intelligence\car_angle_dataset\270\424927.jpeg,270,False
102,270__none__356552,C:\Users\aryan\OneDrive\Desktop\project_new\semantic-photo-intelligence\car_angle_dataset\270\356552.jpeg,270,False
102,270__none__377575,C:\Users\aryan\OneDrive\Desktop\project_new\semantic-photo-intelligence\car_angle_dataset\270\377575.jpeg,270,False
103,180__none__212040,C:\Users\aryan\OneDrive\Desktop\project_new\semantic-photo-intelligence\car_angle_dataset\180\212040.jpeg,180,False
103,180__none__184045,C:\Users\aryan\OneDrive\Desktop\project_new\semantic-photo-intelligence\car_angle_dataset\180\184045.jpeg,180,True
104,270__none__362075,C:\Users\aryan\OneDrive\Desktop\project_new\semantic-photo-intelligence\car_angle_dataset\270\362075.jpeg,270,True
104,270__none__492009,C:\Users\aryan\OneDrive\Desktop\project_new\semantic-photo-intelligence\car_angle_dataset\270\492009.jpeg,270,False
